id_support,operateur,action,technologie,adresse,code_insee,coordonnees,type_support,hauteur_support,proprietaire_support
67819,ORANGE,ALL,LTE 700,LA GROUÉE D 28 28700 UMPEAU,28397,"48.4719,1.6644",Château d'eau - réservoir,30m,"Syndicat des eaux, Adduction"
81600,ORANGE,SUP,"GSM 900, UMTS 900, LTE 800, LTE 1800",R PRINCIPALE DU VILLAGE PRES RN 1 60540 PUISEUX LE HAUBERGER,60517,"49.2236,2.2317",Pylône autostable,37m,ATC FRANCE
87573,FREE MOBILE,ALL,5G NR 3500,9 ALL HEURTEBISE ST SIMÉON 89000 AUXERRE,89024,"47.8092,3.5561",Immeuble,27m,"Commune, communauté de communes"
93598,ORANGE,ALL,LTE 700,LES RIBÈRES - CHÂTEAU D'EAU (LES RIBERES) 36400 MONTGIVRAY,36127,"46.595,1.945",Château d'eau - réservoir,43m,"Syndicat des eaux, Adduction"
267159,ORANGE,ALL,LTE 700,EGLISE DE DOMJEVIN (PÂQUIS) 54450 DOMJEVIN,54163,"48.5753,6.6975",Monument religieux,34m,"Commune, communauté de communes"
335857,ORANGE,SUP,"UMTS 900, LTE 700, LTE 800",CHEM RURAL DIT DE LA CARRIERE (LA CARRIÈRE) 08160 VENDRESSE,8469,"49.6092,4.7931",Pylône autostable,"36,4m",HIVORY
435419,BOUYGUES TELECOM,ALL,5G NR 3500,9 R GUY MOQUET/GABRIEL NOTTELET SQ GUY MOQUET 77290 MITRY MORY,77294,"48.9753,2.6322",Immeuble,"14,3m",Société HLM
435873,FREE MOBILE,ALL,"UMTS 900, LTE 700, LTE 1800, LTE 2100, LTE 2600, 5G NR 700, 5G NR 3500",RUE DES PRAIRIES LE ROCHER 50400 GRANVILLE,50218,"48.8406,-1.5769",Pylône autostable,56m,TOTEM
438547,ORANGE,ALL,"LTE 700, LTE 800",AV DE LA GARE GARE SNCF 78820 JUZIERS,78327,"48.9922,1.8461",Pylône autostable,21m,CELLNEX
438779,FREE MOBILE,ALL,5G NR 3500,PL D'ALSACE LORRAINE EGLISE ST GERMAIN 59420 MOUVAUX,59421,"50.6986,3.1333",Monument religieux,55m,"Commune, communauté de communes"
440613,BOUYGUES TELECOM,ALL,"LTE 700, LTE 2100, LTE 2600, 5G NR 2100, 5G NR 3500",R DE LA PORCELAINE ZI DU PONTEIX (LA VIGNE DE CRÉZIN) 87220 FEYTIAT,87065,"45.8153,1.3061",Pylône tubulaire,30m,TOTEM
440613,SFR,ALL,"LTE 700, LTE 2100, LTE 2600, 5G NR 2100, 5G NR 3500",R DE LA PORCELAINE ZI DU PONTEIX (LA VIGNE DE CRÉZIN) 87220 FEYTIAT,87065,"45.8153,1.3061",Pylône tubulaire,30m,TOTEM
445542,SFR,ALL,UMTS 2100,RTE D'OBERNAI CHÂTEAU D'EAU D'ERSTEIN 67150 ERSTEIN,67130,"48.4219,7.6558",Château d'eau - réservoir,55m,Société Privée
446593,SFR,ALL,5G NR 3500,BD MAL LECLERC VERS CIMETIERE 85160 ST JEAN DE MONTS,85234,"46.7889,-2.0575",Château d'eau - réservoir,55m,"Syndicat des eaux, Adduction"
446608,FREE MOBILE,ALL,5G NR 3500,LA BUISSIÈRE CHEM FORESTIER DE ST-JULIEN (RAVIN DE CHIOUSSE) 04800 GREOUX LES BAINS,04094,"43.745,5.8875",Pylône autostable,"30,5m",TDF
447788,SFR,SUP,"GSM 900, UMTS 900, LTE 800",D.84 PYLÔNE RFF - PK 51.514 - DR/O/067 (LA GRANDE BOULLOYE) 02810 MARIGNY EN ORXOIS,2465,"49.0456,3.2303",Pylône autostable,38m,SNCF Réseau
447968,BOUYGUES TELECOM,ALL,5G NR 3500,33 R DE LA ROQUETTE 75011 PARIS 11,75111,"48.855,2.3731",Immeuble,"40,6m","Copropriété, Syndic, SCI"
451305,SFR,ALL,"UMTS 900, LTE 700, LTE 800, LTE 1800, LTE 2100, 5G NR 2100",LES FÉDONS NORD N° 246. 13410 LAMBESC,13050,"43.6625,5.2203",Pylône autostable,29m,TOTEM
451807,ORANGE,ALL,LTE 700,VC2 BAGNEAUX FAY LES NEMOURS (LA BUTTE OUEST) 77167 BAGNEAUX SUR LOING,77016,"48.23,2.7011",Pylône autostable,37m,TOTEM
453820,BOUYGUES TELECOM,ALL,5G NR 3500,6 RUE OLIVIER DE SERRES COOPÉRATIVE AGRICOLE 89400 MIGENNES,89257,"47.9639,3.5272",Silo,"43,4m",Société Privée
455374,FREE MOBILE,ALL,5G NR 3500,R.N.61 (WELFERDINGER WALD) 57910 HAMBACH,57289,"49.0869,7.0342",Pylône autostable,"64,8m",TDF
455910,SFR,ALL,5G NR 2100,STATION HERTZIENNE FRANCE TELECOM (LES CHÉNOIS) 08700 JOIGNY SUR MEUSE,08237,"49.8247,4.7575",Pylône autostable,58m,TOTEM
457637,BOUYGUES TELECOM,ALL,5G NR 3500,83 BD LONGCHAMP 13001 MARSEILLE 01,13201,"43.3025,5.3903",Immeuble,29m,"Copropriété, Syndic, SCI"
460412,FREE MOBILE,ALL,5G NR 3500,RÉSÉRVOIR DE SATORY QUARTIER DU GÉNÉRAL JAYAT 78000 VERSAILLES,78646,"48.7883,2.1247",Château d'eau - réservoir,40m,"Syndicat des eaux, Adduction"
462383,BOUYGUES TELECOM,ALL,5G NR 3500,1 R RENOIR 69140 RILLIEUX LA PAPE,69286,"45.8114,4.8897",Immeuble,52m,Société HLM
463524,BOUYGUES TELECOM,ALL,5G NR 3500,29 AV DE L'EUROPE TOUR DU BEFFROI 37000 TOURS,37261,"47.4222,0.6831",Immeuble,46m,Société HLM
470966,BOUYGUES TELECOM,ALL,"LTE 700, LTE 2100",9 R LÉNINE CHATEAU D'EAU 76700 GONFREVILLE L ORCHER,76305,"49.5086,0.2283",Château d'eau - réservoir,54m,"Syndicat des eaux, Adduction"
470988,BOUYGUES TELECOM,ALL,5G NR 3500,AV DE CADAUJAC (LE BRIGAILLET-LA CAZE) 33850 LEOGNAN,33238,"44.7428,-0.5717",Château d'eau - réservoir,51m,"Syndicat des eaux, Adduction"
471576,ORANGE,ALL,LTE 700,INTERSECTION D.47/D.69 (LES CRANTINS) 89320 ARCES DILO,89014,"48.0681,3.5606",Pylône autostable,50m,TOTEM
472646,BOUYGUES TELECOM,ALL,LTE 700,RD 43  A COTE DU BOIS AUX VOLEURS (LES MINES DE SOUMONT) 14420 SOUMONT ST QUENTIN,14678,"48.9903,-0.2633",Immeuble,52m,Société Privée
477054,FREE MOBILE,ALL,5G NR 3500,FERRIÈRES 15600 ST ETIENNE DE MAURS,15184,"44.7206,2.2208",Pylône autostable,34m,TDF
483453,BOUYGUES TELECOM,ALL,5G NR 3500,(LA FONTAINE BLANCHE) 29470 PLOUGASTEL DAOULAS,29189,"48.3708,-4.3581",Pylône autostable,37m,HIVORY
483764,BOUYGUES TELECOM,ALL,"LTE 700, LTE 2100, LTE 2600, 5G NR 2100, 5G NR 3500",A 13 PONT SNCF P.R 5.1 92210 ST CLOUD,92064,"48.8394,2.1958","Ouvrage d'art (pont, viaduc)","9,9m",SNCF Réseau
485064,FREE MOBILE,ALL,5G NR 3500,RD1 (LE RIEZ GIARD) 02700 FRIERES FAILLOUEL,02336,"49.6697,3.2647",Pylône autostable,42m,TDF
485154,BOUYGUES TELECOM,ALL,5G NR 3500,R DU PRÉSIDENT KENNEDY (CAMP DES LOGES) 78100 ST GERMAIN EN LAYE,78551,"48.9153,2.0778",Pylône tubulaire,66m,TDF
486987,BOUYGUES TELECOM,ALL,5G NR 3500,21 R POQUELIN MOLIERE TOUR DU GAZ DE BORDEAUX 33000 BORDEAUX,33063,"44.84,-0.5775",Bâtiment,51m,"Commune, communauté de communes"
487034,ORANGE,ALL,LTE 700,D. 51 (CÔTES NEUVES) 89700 SERRIGNY,89393,"47.8481,3.9161",Silo,30m,"Coopérative Agricole, Vinicole"
489495,BOUYGUES TELECOM,ALL,5G NR 2100,R DE NANTES N152 (GAILLON) 37130 LANGEAIS,37123,"47.3194,0.3956",Pylône autostable,37m,BOUYGUES
489495,SFR,ALL,5G NR 2100,R DE NANTES N152 (GAILLON) 37130 LANGEAIS,37123,"47.3194,0.3956",Pylône autostable,37m,BOUYGUES
492130,SFR,ALL,LTE 700,R DES CHAMPLES 41100 VENDOME,41269,"47.8125,1.0522",Pylône autostable,65m,TDF
497396,BOUYGUES TELECOM,ALL,LTE 1800,RTE DES MOUNTS CAPORAL (LES MOUNTS) 06440 LUCERAM,06077,"43.8589,7.3406",Pylône autostable,20m,TDF
498378,BOUYGUES TELECOM,ALL,"LTE 2600, 5G NR 3500",RTE DEPART. 28 (KERLEAC'H) 29810 PLOUARZEL,29177,"48.4503,-4.7364",Pylône autostable,50m,TDF
498378,SFR,ALL,5G NR 3500,RTE DEPART. 28 (KERLEAC'H) 29810 PLOUARZEL,29177,"48.4503,-4.7364",Pylône autostable,50m,TDF
498390,ORANGE,ALL,LTE 700,RD 193 (LE GREZ) 80250 LA FALOISE,80299,"49.7097,2.3461",Château d'eau - réservoir,39m,"Syndicat des eaux, Adduction"
499201,BOUYGUES TELECOM,ALL,"LTE 700, LTE 2100, 5G NR 2100, 5G NR 3500",61 R DE TOURS 37130 CINQ MARS LA PILE,37077,"47.3486,0.4719",Pylône tubulaire,42m,ATC FRANCE
501499,BOUYGUES TELECOM,ALL,5G NR 3500,R FRANÇOIS CALONNE (LE MONT DE LA RIGOLE) 62131 VERQUIN,62848,"50.5064,2.6372",Pylône autostable,"27,4m",TOTEM
505515,BOUYGUES TELECOM,ALL,5G NR 3500,CHEM DE LA CROIX DE MITRAC (LE FORT) 31860 LABARTHE SUR LEZE,31248,"43.4508,1.3992",Château d'eau - réservoir,31m,"Commune, communauté de communes"
507036,SFR,SUP,"GSM 900, UMTS 900, UMTS 2100, LTE 800, LTE 1800",RADAR DE HONFLEUR (DIGUE DE L'EST) 14600 HONFLEUR,14333,"49.4278,0.2328",Tour de contrôle,41m,"CCI, Ch Métier, Port Aut, Aéroport"
507590,FREE MOBILE,ALL,5G NR 3500,R DE BERNIER (LA GADEBURIÈRE) 44770 LA PLAINE SUR MER,44126,"47.15,-2.1831",Pylône autostable,35m,HIVORY
507685,BOUYGUES TELECOM,ALL,"LTE 1800, LTE 2100, 5G NR 2100",CHEM RURAL DIT DE CASTELNAU (LE BUISSON MONSIEUR) 18290 CHAROST,18055,"46.9967,2.1347",Pylône autostable,38m,TOTEM
512270,FREE MOBILE,ALL,5G NR 3500,(BRAMEFAN) 07100 ANNONAY,07010,"45.2369,4.6631",Pylône autostable,22m,TDF
512284,FREE MOBILE,ALL,5G NR 3500,42 R DE LAPALISSE (MARTINIÈRE) 03250 LE MAYET DE MONTAGNE,03165,"46.0775,3.6686",Pylône autostable,29m,TDF
512408,BOUYGUES TELECOM,ALL,5G NR 3500,R GERHARDT - PRES DU CIMETIERE SOCIÉTÉ ESYS MONTENAY 37300 JOUE LES TOURS,37122,"47.3436,0.6694",Bâtiment,37m,"Commune, communauté de communes"
517227,BOUYGUES TELECOM,ALL,5G NR 3500,12 R FERNAND LAGUIDE STADE MUNICIPAL 91100 CORBEIL ESSONNES,91174,"48.5994,2.4567",Pylône tubulaire,29m,"Commune, communauté de communes"
517481,FREE MOBILE,ALL,5G NR 3500,R PIERRE ET MARIE CURIE (LES PETITES PLACES) 49110 BEAUPREAU EN MAUGES,49023,"47.2133,-0.9986",Pylône autostable,31m,TDF
518584,BOUYGUES TELECOM,ALL,5G NR 3500,15 AV DE FRIEDLAND 75008 PARIS 08,75108,"48.8744,2.3031",Immeuble,"36,3m","Copropriété, Syndic, SCI"
520812,BOUYGUES TELECOM,ALL,"LTE 700, LTE 2100, 5G NR 3500",(LES GOUTTES) 03150 VARENNES SUR ALLIER,03298,"46.3233,3.3967",Pylône autostable,27m,HIVORY
520887,ORANGE,ALL,LTE 700,ALLÉE DES NOYERS D69 (LA BARABONNE) 89320 ARCES DILO,89014,"48.0761,3.5533",Pylône autostable,30m,TOTEM
522911,FREE MOBILE,ALL,5G NR 3500,(LE TRIÈVE) 38690 MONTREVEL,38257,"45.4758,5.4044",Pylône autostable,28m,TDF
524437,FREE MOBILE,ALL,5G NR 3500,STATION TDF PRÈS RÉSERVOIR (HIRMENTAZ) 74470 BELLEVAUX,74032,"46.2453,6.5025",Pylône autostable,42m,TDF
527481,BOUYGUES TELECOM,ALL,5G NR 2100,3 R AMPERE/R LEVERRIER 22000 ST BRIEUC,22278,"48.5033,-2.7372",Château d'eau - réservoir,"38,3m","Syndicat des eaux, Adduction"
527610,BOUYGUES TELECOM,ALL,5G NR 3500,31 BIS BD SUCHET 75016 PARIS 16,75116,"48.8578,2.2656",Immeuble,"33,9m","Copropriété, Syndic, SCI"
533946,ORANGE,ALL,LTE 700,AV DE LA LIBÉRATION   DERRIERE LA GIE RN 89 24210 THENON,24550,"45.1414,1.0706",Pylône autostable,"21,4m",TOTEM
534757,BOUYGUES TELECOM,SUP,"GSM 900, UMTS 900, LTE 800, LTE 1800",R DU GÉNÉRAL PATTON CHÂTEAU D'EAU (LE BIGNON) 44110 CHATEAUBRIANT,44036,"47.7047,-1.3883",Château d'eau - réservoir,54m,"Commune, communauté de communes"
536851,BOUYGUES TELECOM,ALL,"LTE 700, LTE 2100, LTE 2600, 5G NR 2100, 5G NR 3500",30 AV CHEM DE PIOLENC 84850 CAMARET SUR AIGUES,84029,"44.1642,4.8594",Bâtiment,"19,4m",Société Privée
538407,SFR,SUP,"GSM 900, UMTS 900, LTE 700, LTE 800, LTE 1800, LTE 2100, LTE 2600, 5G NR 3500","111-113  , R LÉON DESOYER 78100 ST GERMAIN EN LAYE",78551,"48.8992,2.0839",Château d'eau - réservoir,55m,"Commune, communauté de communes"
538463,FREE MOBILE,ALL,5G NR 3500,CHEM RURAL N°8 (CHANTEMERLE) 38260 ORNACIEUX BALBINS,38284,"45.4017,5.2236",Pylône autostable,27m,ATC FRANCE
541430,SFR,ALL,"LTE 700, LTE 2100, LTE 2600",DÉPARTEMENTALE 768 (LE CARABIN) 49330 LES HAUTS D ANJOU,49080,"47.6789,-0.5625",Pylône autostable,"33,9m",ATC FRANCE
544526,ORANGE,ALL,LTE 700,LA TOURNELLE CHEM COMMUNAL (PUITS DE L'ETANG) 21460 TOUTRY,21642,"47.5078,4.1286",Pylône autostable,38m,ATC FRANCE
547348,BOUYGUES TELECOM,ALL,5G NR 3500,R CHARLES LAMOUREUX CITE THOREZ 33130 BEGLES,33039,"44.8028,-0.5611",Immeuble,34m,Société HLM
547384,BOUYGUES TELECOM,ALL,"LTE 700, LTE 2100, LTE 2600, 5G NR 2100, 5G NR 3500",CD 27 VAL D'ENFER (BAUMAYRANE) 13520 LES BAUX DE PROVENCE,13011,"43.7483,4.7994",Pylône haubané,22m,BOUYGUES
549893,BOUYGUES TELECOM,ALL,LTE 700,75 COURS ALBERT THOMAS 69003 LYON 03,69383,"45.7469,4.8678",Immeuble,"32,4m","Copropriété, Syndic, SCI"
555009,SFR,ALL,"LTE 1800, LTE 2100",SEMAPHORE DE L ILE DE BREHAT 22870 ILE DE BREHAT,22016,"48.8553,-3.0044",Sémaphore,28m,"État, Ministère"
555194,SFR,ALL,LTE 2100,AV DE VÉLIZY NOUVEAU CIMETIÈRE 78220 VIROFLAY,78686,"48.7958,2.1764",Pylône autostable,46m,TDF
563482,BOUYGUES TELECOM,ALL,5G NR 3500,59 BD VINCENT AURIOL 75013 PARIS 13,75113,"48.835,2.3694",Immeuble,32m,Société HLM
573846,ORANGE,ALL,"LTE 800, 5G NR 700",22 CHEM DU MONTEIL 33700 MERIGNAC,33281,"44.8156,-0.6578",Pylône autostable,"39,5m",CELLNEX
580511,FREE MOBILE,ALL,5G NR 3500,(LA SERRETTE) 47270 CLERMONT SOUBIRAN,47067,"44.1383,0.8692",Pylône autostable,"31,4m",TDF
584141,BOUYGUES TELECOM,ALL,5G NR 3500,35/37 AV ARISTIDE BRIAND RES ZIERDT 68100 MULHOUSE,68224,"47.7486,7.3264",Immeuble,40m,"Copropriété, Syndic, SCI"
590848,BOUYGUES TELECOM,ALL,5G NR 3500,R JOSEPH KOSMA - R MARCEL DUHAMEL RÉS MUSSONVILLE 33130 BEGLES,33039,"44.7931,-0.5628",Immeuble,"33,3m",Société HLM
590979,SFR,ALL,"LTE 700, LTE 2100, LTE 2600, 5G NR 2100",R DU LAVOIR 33121 CARCANS,33097,"45.0797,-1.0447",Château d'eau - réservoir,37m,"Commune, communauté de communes"
596813,BOUYGUES TELECOM,ALL,LTE 700,22 AV ST AUGUSTIN 06000 NICE,06088,"43.6792,7.2283",Bâtiment,"27,1m","Copropriété, Syndic, SCI"
603570,BOUYGUES TELECOM,ALL,"LTE 700, 5G NR 3500",92 BD DE ROCHEBONNE 35400 ST MALO,35288,"48.6636,-1.9892",Bâtiment,27m,"Copropriété, Syndic, SCI"
605915,BOUYGUES TELECOM,ALL,"LTE 700, LTE 2100, 5G NR 2100",(LA VALLÉE DU BOURHAN) 35580 ST SENOUX,35312,"47.9103,-1.7831",Pylône tubulaire,"33,5m",HIVORY
607136,SFR,ALL,LTE 700,18 R DE VERDUN 49124 ST BARTHELEMY D ANJOU,49267,"47.4692,-0.4919",Immeuble,28m,Société HLM
612543,FREE MOBILE,ALL,5G NR 3500,LANTONION (LA CHAVONNERIE) 73720 QUEIGE,73211,"45.7206,6.4694",Pylône autostable,"41,6m",TDF
617368,ORANGE,ALL,LTE 700,D.68 (MISSERY-CHAMP FAGOT) 89310 CHATEL GERARD,89092,"47.6319,4.1147",Pylône autostable,36m,TOTEM
628407,BOUYGUES TELECOM,ALL,5G NR 2100,(LA JUSTICE) 76690 FONTAINE LE BOURG,76271,"49.5694,1.1653",Pylône autostable,47m,TOTEM
628407,SFR,ALL,"LTE 700, LTE 2100, 5G NR 2100",(LA JUSTICE) 76690 FONTAINE LE BOURG,76271,"49.5694,1.1653",Pylône autostable,47m,TOTEM
632966,BOUYGUES TELECOM,ALL,5G NR 3500,PARC D'ACTIVITÉS DES HAUTS CHAMPS (LES HAUTS CHAMPS) 76230 ISNEAUVILLE,76377,"49.5053,1.1481",Pylône tubulaire,35m,TOTEM
637517,BOUYGUES TELECOM,ALL,"LTE 800, LTE 1800, LTE 2100, 5G NR 2100",CR 206 DU CHEM BLANC (LES CHAMPS DE NIVELLE) 59600 BETTIGNIES,59076,"50.3381,3.9625",Pylône tubulaire,25m,TOTEM
639734,BOUYGUES TELECOM,ALL,5G NR 3500,70-72 FAÇADE DE L'ESPLANADE 59000 LILLE,59350,"50.6447,3.0519",Immeuble,36m,"Copropriété, Syndic, SCI"
646200,BOUYGUES TELECOM,ALL,"LTE 2100, 5G NR 2100",5 R DU DR HÉNOUILLE 94230 CACHAN,94016,"48.7947,2.3364",Bâtiment,"23,6m",Société HLM
646869,BOUYGUES TELECOM,ALL,LTE 700,50 R DE MALZEVILLE 54000 NANCY,54395,"48.7039,6.1839",Immeuble,24m,"Copropriété, Syndic, SCI"
652640,BOUYGUES TELECOM,ALL,5G NR 3500,22 R JULES GENOVESI 93200 ST DENIS,93066,"48.9261,2.3439",Immeuble,19m,"Copropriété, Syndic, SCI"
656059,BOUYGUES TELECOM,ALL,"LTE 700, LTE 2100, LTE 2600, 5G NR 2100, 5G NR 3500",Z.I. ( EN BORDURE DE LA RN 20) (LES TERRES LÉGÈRES) 36250 ST MAUR,36202,"46.7833,1.6522",Pylône autostable,92m,TDF
656059,SFR,ALL,"LTE 700, LTE 2100, 5G NR 2100",Z.I. ( EN BORDURE DE LA RN 20) (LES TERRES LÉGÈRES) 36250 ST MAUR,36202,"46.7833,1.6522",Pylône autostable,92m,TDF
660119,BOUYGUES TELECOM,ALL,5G NR 3500,39 R HENRI BARBUSSE 76600 LE HAVRE,76351,"49.5097,0.0908",Château d'eau - réservoir,59m,"Syndicat des eaux, Adduction"
662280,FREE MOBILE,SUP,"UMTS 900, LTE 700, LTE 1800, LTE 2100, LTE 2600, 5G NR 700, 5G NR 3500",51 BD BLANQUI 75013 PARIS 13,75113,"48.8292,2.3494",Immeuble,43m,"Commune, communauté de communes"
667552,ORANGE,ALL,LTE 700,RD 9 (BOIS MAJOU SUD) 33124 AILLAS,33002,"44.5114,-0.0533",Pylône autostable,50m,ATC FRANCE
669851,BOUYGUES TELECOM,ALL,5G NR 3500,22 R DE ROCHEBRUNE 93100 MONTREUIL,93048,"48.8667,2.4494",Immeuble,24m,Société HLM
685620,BOUYGUES TELECOM,ALL,LTE 700,MAS DE REMES 34390 MONS,34160,"43.5728,2.9539",Pylône autostable,"17,5m",TDF
695787,BOUYGUES TELECOM,ALL,5G NR 3500,R JULIOT CURIE (ZI DU POMMERET) 76650 PETIT COURONNE,76497,"49.3817,1.0356",Pylône autostable,48m,BOUYGUES
703903,BOUYGUES TELECOM,ALL,"LTE 700, LTE 2600, 5G NR 3500",PRÈS D33 (LA MADELEINE) 44130 BLAIN,44015,"47.46,-1.7956",Pylône autostable,46m,HIVORY
703927,BOUYGUES TELECOM,ALL,5G NR 3500,R DES CANADIENS (LES COUDRES) 76500 LA LONDE,76391,"49.2967,0.9658",Château d'eau - réservoir,46m,"Syndicat des eaux, Adduction"
704743,SFR,SUP,"GSM 900, UMTS 900, UMTS 2100, LTE 800, LTE 1800, LTE 2100",R DU SYNDICAT COOPÉRATIVE ESSOR AGRICOLE 59550 LANDRECIES,59331,"50.1286,3.6822",Bâtiment,36m,"Coopérative Agricole, Vinicole"
705524,BOUYGUES TELECOM,ALL,5G NR 3500,11 R GABRIEL PIERNE 57000 METZ,57463,"49.1017,6.1778",Bâtiment,"63,8m","Copropriété, Syndic, SCI"
711151,BOUYGUES TELECOM,ALL,"LTE 2100, LTE 2600, 5G NR 2100, 5G NR 3500",RTE DÉPART. 97A (BOIS DU TRONQUAY - LE DESERT) 14490 LE TRONQUAY,14714,"49.2197,-0.8086",Pylône autostable,50m,ATC FRANCE
719311,BOUYGUES TELECOM,ALL,5G NR 3500,143 R DU GROS HORLOGE 76000 ROUEN,76540,"49.4419,1.0897",Immeuble,27m,"Copropriété, Syndic, SCI"
719915,BOUYGUES TELECOM,ALL,LTE 700,PL GAMBETTA CIMETIERE 95330 DOMONT,95199,"49.0222,2.3225",Pylône arbre,21m,"Commune, communauté de communes"
730204,BOUYGUES TELECOM,ALL,5G NR 3500,(LE NOT) 31620 LABASTIDE ST SERNIN,31252,"43.7403,1.4781",Pylône autostable,31m,HIVORY
740887,BOUYGUES TELECOM,ALL,5G NR 3500,1 AV PABLO NERUDA 77290 MITRY MORY,77294,"48.9667,2.5744",Château d'eau - réservoir,27m,"Commune, communauté de communes"
755632,BOUYGUES TELECOM,ALL,5G NR 3500,65 AV DE LA BORNALA 06000 NICE,06088,"43.6961,7.2336",Immeuble,31m,Société HLM
755724,BOUYGUES TELECOM,ALL,5G NR 3500,3 PL DES PALABRES 69190 ST FONS,69199,"45.6939,4.8556",Immeuble,19m,Société HLM
761055,FREE MOBILE,ALL,5G NR 3500,CHEM RURAL DE CHARRIÈRE CHAUDE (CHARRIÈRE CHAUDE) 73220 ARGENTINE,73019,"45.4933,6.3164",Pylône autostable,"26,3m",TDF
764149,BOUYGUES TELECOM,ALL,"LTE 700, LTE 2100, LTE 2600, 5G NR 2100, 5G NR 3500",R JULES GUESDE 14460 COLOMBELLES,14167,"49.2108,-0.2936",Pylône autostable,"36,1m",TOTEM
772324,SFR,ALL,"LTE 1800, LTE 2100, LTE 2600",VIADUC DE LA GRÉNETTE LIGNE TGV / D113 (LES PLANTIERS) 26400 LA ROCHE SUR GRANE,26277,"44.6825,4.9353",Mât béton,6m,ORANGE
773000,BOUYGUES TELECOM,SUP,"GSM 900, UMTS 900, LTE 800, LTE 1800, LTE 2100, LTE 2600, 5G NR 2100",23-31 RUE DE BRÉTIGNY 28000 CHARTRES,28085,"48.44,1.5064",Immeuble,32m,Société HLM
775174,BOUYGUES TELECOM,ALL,5G NR 3500,92 R DE VAUGIRARD 75006 PARIS 06,75106,"48.8467,2.3258",Immeuble,"30,8m",Société Privée
778940,FREE MOBILE,ALL,"LTE 2100, 5G NR 700",À LAS PLASTRERE 32120 BAJONNETTE,32026,"43.8083,0.7642",Pylône autostable,26m,TOTEM
782196,BOUYGUES TELECOM,ALL,5G NR 3500,191 AV ST MAURICE HÔTEL DU MIDI 34250 PALAVAS LES FLOTS,34192,"43.5361,3.9558",Immeuble,14m,Particulier
793595,BOUYGUES TELECOM,ALL,5G NR 2100,PRÈS N 162 (LE BOIS DE LA TOUCHE) 49220 LA JAILLE YVON,49161,"47.7303,-0.7128",Pylône autostable,47m,SFR
807424,SFR,ALL,LTE 700,R LOUIS BLANC DOMAINE D'ACTIVITÉS PIERRE DE COUBERTIN 60180 NOGENT SUR OISE,60463,"49.2653,2.4644",Pylône tubulaire,29m,"Commune, communauté de communes"
810123,BOUYGUES TELECOM,ALL,"LTE 700, LTE 2600",IMP DU CHÂTEAU D'EAU (LE TRONQUAY HAMEAU) 76930 CAUVILLE SUR MER,76167,"49.5864,0.1208",Château d'eau - réservoir,28m,ORANGE
812362,BOUYGUES TELECOM,ALL,5G NR 3500,USINE ROQUETTE DE LESTREM D 946 - D122 CHEMINÉE 3 59660 MERVILLE,59400,"50.6372,2.6806",Bâtiment,"61,2m",Société Privée
812468,BOUYGUES TELECOM,ALL,LTE 700,CHEMIN DES FONTENELLES CHATEAU D'EAU 72000 LE MANS,72181,"48.0192,0.2183",Château d'eau - réservoir,57m,"Commune, communauté de communes"
814936,FREE MOBILE,ALL,"LTE 2100, 5G NR 3500",106 R DES CHARBONNIERS 77000 LA ROCHETTE,77389,"48.515,2.6511",Pylône tubulaire,36m,TOTEM
818574,BOUYGUES TELECOM,ALL,"LTE 2100, 5G NR 2100",DÉCHETTERIE DE MONDRAGON (LES GENESTES) 84430 MONDRAGON,84078,"44.2544,4.7058",Pylône autostable,34m,ATC FRANCE
819669,SFR,ALL,5G NR 2100,R CHARLES DE GAULLE (LA LANDE) 86140 LENCLOITRE,86128,"46.8094,0.3153",Château d'eau - réservoir,53m,"Syndicat des eaux, Adduction"
819881,BOUYGUES TELECOM,ALL,5G NR 3500,CHEMIN DU PLESSIS ENSEMBLE SPORTIF  VAL DE MONNET 72190 COULAINES,72095,"48.0344,0.2156",Pylône autostable,31m,CELLNEX
824122,BOUYGUES TELECOM,ALL,5G NR 3500,28 AV DU MARECHAL LECLERC 94380 BONNEUIL SUR MARNE,94011,"48.7733,2.4894",Bâtiment,24m,"Copropriété, Syndic, SCI"
827488,SRR,SUP,"GSM 900, UMTS 900, UMTS 2100, LTE 800, LTE 1800, LTE 2600",44 R JOSEPH HUBERT (BENGALI) 97412 BRAS PANON,97402,"-20.9797,55.6433",Pylône autostable,22m,SFR
829904,BOUYGUES TELECOM,ALL,5G NR 3500,2 RTE DE NARBONNE PRÈS CHEME DES PECETTES 31320 AUZEVILLE TOLOSANE,31035,"43.5381,1.4878",Pylône autostable,42m,RTE
833145,BOUYGUES TELECOM,ALL,5G NR 3500,1218 R JULES FERRY 62110 HENIN BEAUMONT,62427,"50.4061,2.9419",Bâtiment,14m,Particulier
844459,FREE MOBILE,ALL,5G NR 3500,LES EVIERES (LES FALIMOREAUX) 17630 LA FLOTTE,17161,"46.1753,-1.3483",Château d'eau - réservoir,38m,"Syndicat des eaux, Adduction"
851312,FREE MOBILE,ALL,5G NR 3500,LES FOURQUES PROCHE RÉSERVOIRS 13220 CHATEAUNEUF LES MARTIGUES,13026,"43.3792,5.1642",Pylône tubulaire,"12,7m",HIVORY
857173,BOUYGUES TELECOM,ALL,5G NR 3500,"152, AV DU GAL LECLERC APHEIN 54500 VANDOEUVRE LES NANCY",54547,"48.6642,6.1681",Immeuble,"25,2m",Association
866133,FREE MOBILE,ALL,5G NR 3500,ROTAGNON (LE MAS) 42130 BOEN SUR LIGNON,42019,"45.7442,3.9986",Pylône autostable,"23,5m",TDF
994055,SFR,SUP,"GSM 900, UMTS 900, UMTS 2100",19-21-23 CHEMIN DES MONTARMOTS RÉSIDENCE SONACOTRA 25000 BESANCON,25056,"47.2611,6.0272",Immeuble,"18,4m",Société HLM
1003919,FREE MOBILE,ALL,5G NR 3500,51 R ARISTIDE BRIAND 93220 GAGNY,93032,"48.8789,2.5336",Immeuble,"21,5m","Copropriété, Syndic, SCI"
1188856,FREE MOBILE,ALL,5G NR 3500,165 RUE DE ROME 75017 PARIS 17,75117,"48.8872,2.3144",Immeuble,"26,2m",Société Privée
1206040,BOUYGUES TELECOM,ALL,"LTE 700, LTE 2100, LTE 2600",2 RUE D'ANJOU POSTE ÉLECTRIQUE DE LA HAYE-DU-PUITS (LE BAS DU BOURG) 50250 LA HAYE,50236,"49.2881,-1.5442",Pylône autostable,63m,EDF ou GDF
1206742,SFR,ALL,5G NR 2100,HAMEAU DE LA BORDE (LA GRANDE PIÈCE DE LA BORDE) 60810 RARAY,60525,"49.2731,2.7358",Pylône autostable,25m,TDF
1238121,FREE MOBILE,ALL,"LTE 2100, 5G NR 3500","14, 16, 18, RUE D'INSTANBUL 67000 STRASBOURG",67482,"48.5758,7.7697",Bâtiment,"32,5m",Société HLM
1353872,FREE MOBILE,ALL,5G NR 3500,(LES CHAMPS DE BROONS) 22250 BROONS,22020,"48.3114,-2.2664",Pylône autostable,38m,TDF
1379471,BOUYGUES TELECOM,ALL,5G NR 2100,CHEMIN RURAL DRAILLE DU BAGNOLET 13150 TARASCON,13108,"43.8283,4.7247",Pylône autostable,31m,TDF
1379961,BOUYGUES TELECOM,ALL,5G NR 3500,RUE D ENSISHEIM 68270 WITTENHEIM,68376,"47.8097,7.3392",Monument religieux,"44,9m","Commune, communauté de communes"
1381850,ORANGE,ALL,"LTE 700, LTE 800",CHEMIN RURAL DE LA CROIX SAINT MARTIN ZA DE LA FRANCE (LES RIVIÈRES) 85190 VENANSAULT,85300,"46.7122,-1.5322",Pylône autostable,38m,TOTEM
1404131,ORANGE,EXT,LTE 700,(LE CLOS SEC) 72130 ST LEONARD DES BOIS,72294,"48.3644,-0.0853",Pylône autostable,31m,TOTEM
1422218,BOUYGUES TELECOM,ALL,5G NR 3500,15 R JEAN GIRAUDOUX 92330 SCEAUX,92071,"48.7831,2.2997",Immeuble,"39,8m",Société HLM
1437091,FREE MOBILE,ALL,5G NR 3500,AV GEORGES GUILLE (LA TREILLE) 11000 CARCASSONNE,11069,"43.2303,2.3628",Pylône autostable,31m,HIVORY
1439299,BOUYGUES TELECOM,ALL,LTE 700,1 R VINCENT D'INDY 37000 TOURS,37261,"47.3675,0.7075",Immeuble,55m,Société Privée
1441388,FREE MOBILE,ALL,5G NR 3500,LE PARC À BORET (LA BOUE) 44480 DONGES,44052,"47.3461,-2.0739",Pylône autostable,"48,2m",SFR
1465342,ORANGE,SUP,"GSM 900, UMTS 900, LTE 800, LTE 1800, LTE 2100, LTE 2600",CHEM PEUPLIERS TERRAIN ESCOTA-BORD A8 06250 MOUGINS,6085,"43.5783,6.9839",Pylône tubulaire,"15,8m",ORANGE
1475031,FREE MOBILE,ALL,5G NR 3500,RÉSERVOIR DE GRANS (LES BASSES PLAINES) 13450 GRANS,13044,"43.6036,5.0622",Pylône autostable,27m,HIVORY
1479193,BOUYGUES TELECOM,SUP,"UMTS 900, LTE 700, LTE 800, LTE 1800, LTE 2100, LTE 2600, 5G NR 2100",60 RUE DE LA DHUYS 93130 NOISY LE SEC,93053,"48.8786,2.4608",Immeuble,"38,3m",Société HLM
1482515,FREE MOBILE,ALL,5G NR 3500,CHEMIN DU BOUSQUET STADE BARADEL 15000 AURILLAC,15014,"44.9025,2.4394",Pylône tubulaire,25m,ATC FRANCE
1499072,BOUYGUES TELECOM,ALL,"LTE 700, LTE 2100, LTE 2600, 5G NR 2100, 5G NR 3500",CHEMIN DES DUPINES BASSE PRAIRIE CENTRE 30100 ALES,30007,"44.1064,4.0881",Pylône autostable,20m,HIVORY
1530263,Gouv Nelle Calédonie (OPT),SUP,"GSM 900, UMTS 900, LTE 800",(BWA YADA) 98815 HIENGHENE,98807,"-20.6889,164.7747",Pylône tubulaire,12m,Office des Postes et Télécom
1539598,BOUYGUES TELECOM,ALL,5G NR 3500,172 AVENUE GENERAL PATTON 49000 ANGERS,49007,"47.4736,-0.5992",Immeuble,"46,5m",Société HLM
1541043,BOUYGUES TELECOM,SUP,"UMTS 900, LTE 700, LTE 800",HAUT DE VOIES DE BOUCHERES (VOIE DE BOUCHÈRES) 89700 MOLOSMES,89262,"47.8947,4.04",Pylône autostable,"37,4m",HIVORY
1541043,FREE MOBILE,SUP,"UMTS 900, LTE 700",HAUT DE VOIES DE BOUCHERES (VOIE DE BOUCHÈRES) 89700 MOLOSMES,89262,"47.8947,4.04",Pylône autostable,"37,4m",HIVORY
1541043,ORANGE,SUP,"UMTS 900, LTE 700, LTE 800",HAUT DE VOIES DE BOUCHERES (VOIE DE BOUCHÈRES) 89700 MOLOSMES,89262,"47.8947,4.04",Pylône autostable,"37,4m",HIVORY
1557065,ORANGE,ALL,LTE 700,DÉCHETTERIE ZA DU PRÉ ROBERT 71250 CLUNY,71137,"46.4161,4.6617",Pylône tubulaire,26m,TOTEM
1570890,BOUYGUES TELECOM,ALL,LTE 2600,0 (LES TAILLADES) 30110 BRANOUX LES TAILLADES,30051,"44.2258,4.0031",Pylône autostable,36m,HIVORY
1583652,FREE MOBILE,ALL,5G NR 3500,AVENUE GABRIEL PERI 92230 GENNEVILLIERS,92036,"48.9142,2.2961",Immeuble,21m,Société HLM
1586270,FREE MOBILE,ALL,5G NR 3500,47 À 51 BOULEVARD DE LALIBERTÉ 62000 ARRAS,62041,"50.2967,2.7644",Immeuble,"34,6m","Copropriété, Syndic, SCI"
1592342,BOUYGUES TELECOM,ALL,5G NR 3500,39 COURS DE VINCENNES 75020 PARIS 20,75120,"48.8483,2.4031",Immeuble,39m,"Copropriété, Syndic, SCI"
1615610,BOUYGUES TELECOM,ALL,"LTE 700, LTE 2100, LTE 2600, 5G NR 2100, 5G NR 3500",135 BOULEVARD MARECHAL LECLERC THÉATRE 14000 CAEN,14118,"49.1803,-0.3625",Bâtiment,"28,4m","Commune, communauté de communes"
1624008,BOUYGUES TELECOM,ALL,5G NR 3500,122 AV DU GENERAL LECLERC 75014 PARIS 14,75114,"48.825,2.3256",Immeuble,"40,9m","Copropriété, Syndic, SCI"
1624236,FREE MOBILE,ALL,"LTE 700, LTE 2100, 5G NR 700",21 RUE PIERRE ET AUGUSTE MASSALOUP 34140 MEZE,34157,"43.4256,3.6061",Immeuble,"20,7m","Copropriété, Syndic, SCI"
1629668,FREE MOBILE,ALL,5G NR 3500,7 RUE DU VALENGELIER  77500 CHELLES,77108,"48.8922,2.5933",Pylône tubulaire,"31,1m","Copropriété, Syndic, SCI"
1631442,ORANGE,ALL,LTE 700,ANCIENNE ROUTE NATIONALE (MONT ST SYLVESTRE) 62142 LONGUEVILLE,62526,"50.7347,1.8797",Mât,5m,ORANGE
1633336,BOUYGUES TELECOM,ALL,"LTE 700, 5G NR 3500",DOMAINE DE BEAUSÉJOUR 34410 SERIGNAN,34299,"43.2661,3.3325",Immeuble,"14,7m",Particulier
1636690,BOUYGUES TELECOM,ALL,"UMTS 900, LTE 700, LTE 800, LTE 1800, LTE 2100, LTE 2600, 5G NR 2100, 5G NR 3500",ZAC PARIS NORD 2 93420 VILLEPINTE,93078,"48.9703,2.5236",Bâtiment,23m,Société Privée
1656443,SFR,ALL,5G NR 2100,(TRAON AR VILIN PARC BRAS) 29400 LAMPAUL GUIMILIAU,29097,"48.5033,-4.0283",Pylône autostable,42m,HIVORY
1661786,BOUYGUES TELECOM,ALL,"LTE 700, 5G NR 3500",21 R DES BOULEAUX (LA BOULETERIE) 44600 ST NAZAIRE,44184,"47.2633,-2.2583",Immeuble,42m,"Commune, communauté de communes"
1661786,SFR,ALL,"LTE 700, 5G NR 3500",21 R DES BOULEAUX (LA BOULETERIE) 44600 ST NAZAIRE,44184,"47.2633,-2.2583",Immeuble,42m,"Commune, communauté de communes"
1680971,BOUYGUES TELECOM,ALL,LTE 1800,CEA CADARACHE (LE CASTELLET) 13115 ST PAUL LES DURANCE,13099,"43.6947,5.7333",Pylône autostable,23m,TOTEM
1681150,SFR,ALL,"GSM 900, UMTS 900, LTE 800, LTE 1800, LTE 2100, 5G NR 2100",RD 948 (LE CONCÈS) 45600 VILLEMURLIN,45340,"47.6678,2.3625",Pylône autostable,"43,1m",TDF
1684892,FREE MOBILE,ALL,5G NR 3500,27 RUE FRANÇOIS PEISSEL 69300 CALUIRE ET CUIRE,69034,"45.7939,4.8392",Immeuble,"20,4m","Copropriété, Syndic, SCI"
1685111,SFR,SUP,"GSM 900, UMTS 900, LTE 800, LTE 1800, LTE 2100, 5G NR 2100",LES DEVESES D39 (MAS AZIDRET) 66180 VILLENEUVE DE LA RAHO,66227,"42.6425,2.8972",Pylône autostable,"29,9m",ATC FRANCE
1697128,BOUYGUES TELECOM,ALL,5G NR 3500,33 R DU MAIL (STADE ROGER COUDERC) 95310 ST OUEN L AUMONE,95572,"49.0503,2.1089",Pylône tubulaire,"26,6m",BOUYGUES
1698068,SFR,ALL,LTE 700,(LA MAISON NEUVE) 44350 GUERANDE,44069,"47.3367,-2.4422",Pylône autostable,32m,HIVORY
1698109,BOUYGUES TELECOM,ALL,"LTE 700, 5G NR 3500",AV DE PRIEUX ET AV GUSTAVE FLAUBERT 44380 PORNICHET,44132,"47.2564,-2.3356",Pylône tubulaire,"27,2m",HIVORY
1717954,BOUYGUES TELECOM,ALL,5G NR 2100,CHEM DE LA CARRIÈRE (LES EPINETTES) 79430 LA CHAPELLE ST LAURENT,79076,"46.7344,-0.4894",Pylône autostable,"32,6m",HIVORY
1717954,SFR,ALL,5G NR 2100,CHEM DE LA CARRIÈRE (LES EPINETTES) 79430 LA CHAPELLE ST LAURENT,79076,"46.7344,-0.4894",Pylône autostable,"32,6m",HIVORY
1718700,BOUYGUES TELECOM,ALL,5G NR 2100,CHEM DE LANGUIGO   D 767 STADE  56300 NEULLIAC,56146,"48.1358,-2.9842",Pylône autostable,32m,HIVORY
1718700,SFR,ALL,5G NR 2100,CHEM DE LANGUIGO   D 767 STADE  56300 NEULLIAC,56146,"48.1358,-2.9842",Pylône autostable,32m,HIVORY
1719931,BOUYGUES TELECOM,ALL,"LTE 700, LTE 2100, LTE 2600, 5G NR 2100, 5G NR 3500",CHEM  DU NILESTREC STADE DU MENEC 56340 CARNAC,56034,"47.5881,-3.0867",Pylône tubulaire,"25,5m",HIVORY
1748000,ORANGE,ALL,LTE 700,CHEM RURAL N° 109 (LA CHANTARDIÈRE) 35240 LE THEIL DE BRETAGNE,35333,"47.9247,-1.4461",Pylône autostable,"30,4m",TOTEM
1753478,BOUYGUES TELECOM,ALL,5G NR 3500,479   BIS RUE DE LA  JUSTICE 77000 VAUX LE PENIL,77487,"48.5317,2.6825",Pylône tubulaire,27m,BOUYGUES
1757618,BOUYGUES TELECOM,ALL,5G NR 3500,CAMPUS THALÈS AVENUE MARCEL DASSAULT 33700 MERIGNAC,33281,"44.8503,-0.6997",Pylône tubulaire,27m,BOUYGUES
1770909,ORANGE,EXT,"LTE 700, LTE 800",116 B AVENUE RAOUL ALADENIZE 18500 MEHUN SUR YEVRE,18141,"47.1411,2.2356",Pylône tubulaire,28m,TOTEM
1771931,BOUYGUES TELECOM,ALL,5G NR 3500,AV DU CAP NÈGRE DOMAINE DE LA PINÈDE CLUB AQUARIUS (PRAMOUSQUIER) 83980 LE LAVANDOU,83070,"43.1497,6.4439",Pylône tubulaire,12m,HIVORY
1779432,SFR,SUP,"GSM 900, UMTS 900, LTE 800",D33 (MONT SAINTE ODILE) 67530 OTTROTT,67368,"48.4361,7.4022",Mât,"10,5m","État, Ministère"
1787648,BOUYGUES TELECOM,ALL,5G NR 3500,5 RUE CAMILLE PELLETAN 33150 CENON,33119,"44.8631,-0.5197",Immeuble,36m,"Copropriété, Syndic, SCI"
1789831,FREE MOBILE,ALL,"UMTS 900, LTE 700, LTE 1800, LTE 2600",13 ALL CHARLES DE FITTE 31000 TOULOUSE,31555,"43.5939,1.4333",Immeuble,"48,5m","Copropriété, Syndic, SCI"
1792094,FREE MOBILE,ALL,5G NR 3500,4 CITE DU CALVAIRE STADE 15150 LAROQUEBROU,15094,"44.9667,2.1958",Pylône autostable,"20,7m",TDF
1792879,FREE MOBILE,ALL,5G NR 3500,1 R COLI 91700 STE GENEVIEVE DES BOIS,91549,"48.6497,2.3369",Bâtiment,28m,ORANGE
1801069,BOUYGUES TELECOM,ALL,5G NR 3500,AVENUE HUBERT CURIEN TOULOUSE ONCOPOLE 31000 TOULOUSE,31555,"43.5581,1.4322",Pylône autostable,"35,5m",TOTEM
1802190,SFR,ALL,LTE 800,569 MOYENNE CORNICHE CHÂLET FONSDIVINA 06240 BEAUSOLEIL,06012,"43.7517,7.4286",Immeuble,10m,Particulier
1804742,BOUYGUES TELECOM,SUP,"GSM 900, UMTS 900, LTE 800, LTE 1800, LTE 2100, 5G NR 2100",ZI DE L'ECOPARC (LE VALOTIN) 27400 HEUDEBOUVILLE,27332,"49.2003,1.2244",Pylône autostable,"31,3m",HIVORY
1811421,BOUYGUES TELECOM,ALL,5G NR 3500,35-41 RUE DE PARIS 92110 CLICHY,92024,"48.8983,2.3058",Immeuble,"39,2m",Société HLM
1812923,BOUYGUES TELECOM,ALL,"LTE 2100, 5G NR 2100",(COL DU ST BERNARD) 06440 PEILLE,06091,"43.8092,7.4067",Pylône autostable,27m,HIVORY
1815612,BOUYGUES TELECOM,ALL,"UMTS 900, LTE 800, LTE 1800, LTE 2100",CARREFOUR DE LA LIBÉRATION D 133 27110 VENON,27677,"49.1717,1.0392",Château d'eau - réservoir,"39,1m","Syndicat des eaux, Adduction"
1816901,ORANGE,ALL,LTE 700,N 12 VOIE COMMUNALE N°6 (KERIZIEN) 29400 PLOUNEVENTER,29204,"48.5019,-4.1806",Pylône autostable,33m,TOTEM
1823318,FREE MOBILE,ALL,5G NR 3500,LOT LE CALVAIRE 43140 ST DIDIER EN VELAY,43177,"45.3092,4.2783",Pylône autostable,"32,5m",TDF
1826261,BOUYGUES TELECOM,ALL,5G NR 3500,RUE DE L'EGLISE CHÂTEAU D'EAU 59160 CAPINGHEM,59128,"50.6439,2.965",Château d'eau - réservoir,44m,"Commune, communauté de communes"
1834449,SFR,ALL,"LTE 700, LTE 2100",(LA RABARDIÈRE) 35370 BRIELLES,35042,"48.0158,-1.1011",Pylône autostable,31m,TDF
1834512,BOUYGUES TELECOM,ALL,"LTE 700, LTE 2100, 5G NR 2100",D 43 LA BLINLUÈRE (LA GRÉE) 35370 LE PERTRE,35217,"48.0158,-1.0619",Pylône autostable,43m,TDF
1855057,BOUYGUES TELECOM,ALL,"LTE 700, LTE 2600",(LE FREISSINET D'AVAL) 05290 VALLOUISE PELVOUX,05101,"44.8669,6.4864",Pylône tubulaire,"16,5m",HIVORY
1876183,BOUYGUES TELECOM,ALL,"LTE 700, LTE 2100",VC N°25 (LA NOE) 27410 LE NOYER EN OUCHE,27444,"49.0089,0.7528",Château d'eau - réservoir,41m,"Commune, communauté de communes"
1884615,FREE MOBILE,ALL,5G NR 3500,SOURCE DES RUINES RD 280 (MAISON GUILLON) 38190 LAVAL EN BELLEDONNE,38206,"45.2453,5.9728",Pylône autostable,33m,TDF
1895370,BOUYGUES TELECOM,ALL,5G NR 3500,47 QUAI DE SOUTHAMPTON 76600 LE HAVRE,76351,"49.4861,0.1089",Immeuble,"41,4m","Copropriété, Syndic, SCI"
1901616,FREE MOBILE,ALL,5G NR 3500,RUE DE DARNEY (LA GOUTTE DU PATEY) 88260 ATTIGNY,88016,"48.0808,6.0419",Pylône autostable,"43,9m",TDF
1907806,SFR,ALL,LTE 2600,ZONE INDUSTRIELLE DU GRAND CRELIN 44410 ST LYPHARD,44175,"47.3911,-2.3144",Pylône tubulaire,27m,HIVORY
1932864,SFR,ALL,"LTE 700, LTE 800, LTE 1800, LTE 2100, LTE 2600",ENTRE D15 ET RAIL (BOIS DE LA SOLLE) 21460 THOSTE,21635,"47.4258,4.2172",Pylône autostable,"36,7m",TDF
1934429,BOUYGUES TELECOM,ALL,5G NR 3500,9 RUE JEAN CANAVESE 06000 NICE,06088,"43.7214,7.2497",Bâtiment,"30,3m",Société Privée
1935393,SFR,ALL,"LTE 800, LTE 2600",AÉROPORT INTERNATIONAL TARBES LOURDES MP LANNEMOURINE 65290 JUILLAN,65235,"43.1853,0.0036",Bâtiment,"3,5m","CCI, Ch Métier, Port Aut, Aéroport"
1935672,Gouv Nelle Calédonie (OPT),SUP,"GSM 900, UMTS 900, LTE 800",MASSIF MINIER KOUAOUA MEA (MINE SLN MEA) 98818 KOUAOUA,98833,"-21.4553,165.7675",Mât métallique,10m,Office des Postes et Télécom
1942705,BOUYGUES TELECOM,ALL,"LTE 700, LTE 2100, LTE 2600, 5G NR 2100, 5G NR 3500",STADE MUNICIPAL PIERRE JEMETZ (MONTRAVERSIER) 45700 PANNES,45247,"48.0139,2.6908",Pylône tubulaire,25m,HIVORY
1960600,FREE MOBILE,ALL,"LTE 2100, 5G NR 700",94 RUE DU GENERAL DE GAULLE 95320 ST LEU LA FORET,95563,"49.0167,2.2425",Immeuble,"16,5m","Copropriété, Syndic, SCI"
1960888,ORANGE,ALL,LTE 700,D158 (LE RANG) 70190 VORAY SUR L OGNON,70575,"47.3514,6.0203",Pylône autostable,30m,TOTEM
1972785,BOUYGUES TELECOM,ALL,LTE 700,2 R DU CARDINAL MATHIEU 54000 NANCY,54395,"48.6714,6.1667",Immeuble,21m,"Copropriété, Syndic, SCI"
1975282,BOUYGUES TELECOM,ALL,LTE 700,58 R HENRI DOMERGUE BAT C JEANNETTE 76600 LE HAVRE,76351,"49.5158,0.1256",Immeuble,"18,8m",Société HLM
2014200,BOUYGUES TELECOM,ALL,5G NR 3500,CHEM RURAL N°12 DU CHEM NEUF (LES TERRES QUEMINES.) 76113 HAUTOT SUR SEINE,76350,"49.3719,0.9692",Pylône autostable,50m,HIVORY
2025457,BOUYGUES TELECOM,ALL,"LTE 700, LTE 2100, LTE 2600, 5G NR 2100",92 RTE DU VAL DE GORBIO RÉSIDENCE LES JARDINS OLYMPIE 06500 MENTON,06083,"43.7783,7.4719",Bâtiment,"15,4m","Copropriété, Syndic, SCI"
2030134,BOUYGUES TELECOM,ALL,5G NR 3500,AV CANTIPOU (15 COURTE CÔTE) 76700 HARFLEUR,76341,"49.5136,0.2072",Pylône autostable,26m,CELLNEX
2053724,BOUYGUES TELECOM,ALL,5G NR 3500,3 ALL DU POURQUOI PAS 91000 EVRY COURCOURONNES,91228,"48.6222,2.4508",Immeuble,17m,"Copropriété, Syndic, SCI"
2058156,BOUYGUES TELECOM,ALL,5G NR 3500,102 À 110 AV ACHILLE PERETTI 92200 NEUILLY SUR SEINE,92051,"48.885,2.2672",Immeuble,33m,"Copropriété, Syndic, SCI"
2066100,FREE MOBILE,ALL,5G NR 3500,(LA LANDE DE LA BONNE VIERGE) 35113 DOMAGNE,35096,"48.0792,-1.3922",Pylône autostable,"31,9m",ON TOWER FRANCE
2081225,FREE MOBILE,ALL,5G NR 3500,CHEMIN DE LA BASSE VILLE AVENUE LOUIS PASTEUR (ETANG DE PÊCHE) 59166 BOUSBECQUE,59098,"50.7681,3.0622",Pylône autostable,25m,TOTEM
2094982,BOUYGUES TELECOM,ALL,LTE 700,RUE DE LA LIBERATION 62710 COURRIERES,62250,"50.4417,2.9203",Pylône tubulaire,"31,5m",CELLNEX
2096650,BOUYGUES TELECOM,ALL,"UMTS 900, LTE 700, LTE 800, LTE 1800, LTE 2100, LTE 2600, 5G NR 2100",RUE DES JUJUBIERS 06210 MANDELIEU LA NAPOULE,06079,"43.5547,6.9394",Immeuble,22m,"Copropriété, Syndic, SCI"
2101137,BOUYGUES TELECOM,ALL,LTE 700,48 GRAND PLACE 62400 BETHUNE,62119,"50.5311,2.64",Bâtiment,"24,8m",Particulier
2106673,FREE MOBILE,ALL,5G NR 3500,74 BD DE STRASBOURG 75010 PARIS 10,75110,"48.8756,2.3583",Bâtiment,30m,Société Privée
2108238,ORANGE,EXT,LTE 700,PRÈS D753 FIEF DE LA GRANGE (LE BOIS NAUD) 44650 CORCOUE SUR LOGNE,44156,"46.9308,-1.5217",Pylône autostable,40m,ATC FRANCE
2133307,BOUYGUES TELECOM,ALL,5G NR 3500,2 PL ST SIMILIEN 44000 NANTES,44109,"47.2206,-1.5594",Monument religieux,"36,1m","Commune, communauté de communes"
2144818,BOUYGUES TELECOM,ALL,"LTE 700, LTE 2100",STADE STANISLAS BREHIER 50670 ST LAURENT DE CUVES,50499,"48.7494,-1.1128",Pylône autostable,"30,6m",BOUYGUES
2159903,BOUYGUES TELECOM,ALL,5G NR 3500,39 AVENUE CAMILLE PELLETAN 13002 MARSEILLE 02,13202,"43.3039,5.3733",Immeuble,25m,"Copropriété, Syndic, SCI"
2160301,BOUYGUES TELECOM,ALL,5G NR 3500,109 ROUTE DE BANDOL 83110 SANARY SUR MER,83123,"43.1233,5.7922",Pylône arbre,"15,9m",BOUYGUES
2162866,ORANGE,ALL,LTE 700,D15 (LA CORVÉE) 39290 THERVAY,39528,"47.2342,5.5858",Pylône autostable,36m,TOTEM
2188144,FREE MOBILE,ALL,"LTE 2100, 5G NR 700, 5G NR 3500",PARC DES EXPOS HÔTEL IBIS 93420 VILLEPINTE,93078,"48.9667,2.5172",Immeuble,21m,Société Privée
2195748,FREE MOBILE,ALL,5G NR 3500,RUE DE SAILLY D52 (LA CHIQUE) 08110 BLAGNY,08067,"49.6186,5.1881",Pylône autostable,27m,TOTEM
2199552,FREE MOBILE,ALL,5G NR 3500,BOULEVARD DE L'EUROPE 76000 ROUEN,76540,"49.4319,1.0783",Immeuble,"16,3m","Commune, communauté de communes"
2214077,TELCO OI,SUP,"GSM 900, UMTS 900, UMTS 2100, LTE 800, LTE 1800","RUELLE MAJOT, CHIENDENT 97438 STE MARIE",97418,"-20.9333,55.5403",Pylône autostable,"32,5m",TDF
2214411,FREE MOBILE,ALL,5G NR 3500,BOIS DE L'ORME ROUTE DE LA PLANEE (VEAU DE PALLET) 25160 OYE ET PALLET,25442,"46.85,6.3281",Pylône autostable,33m,TDF
2215422,BOUYGUES TELECOM,ALL,5G NR 3500,V DES MORVILLIERS (MORVILLIERS) 91320 WISSOUS,91689,"48.7353,2.3389",Pylône tubulaire,31m,SFR
2217604,BOUYGUES TELECOM,ALL,5G NR 3500,149 CHEMIN DE LA SIGNONE (LA SIGNONE MFT) 84000 AVIGNON,84007,"43.9103,4.8758",Pylône autostable,34m,BOUYGUES
2223196,ORANGE,SUP,"LTE 700, LTE 800, LTE 1800",CHEMIN DE PIAUT (MAILLO) 31210 ARDIEGE,31013,"43.0692,0.6339",Pylône autostable,36m,TOTEM
2228979,FREE MOBILE,ALL,5G NR 3500,CHEMIN RURAL - TERRAIN COMMUNAL (SUR LA MARE - EN LA FORÊT) 21250 CORBERON,21189,"47.0031,4.9994",Pylône autostable,35m,TOTEM
2229496,FREE MOBILE,ALL,"UMTS 900, LTE 700, LTE 1800, LTE 2600, 5G NR 700",CHEM DES CHATAIGNERS PROCHE DU BOIS DE LOYE (SUR LA VILLE) 74330 NONGLARD,74202,"45.9264,6.0267",Pylône autostable,24m,TOTEM
2242431,BOUYGUES TELECOM,ALL,5G NR 3500,ALLÉE JACQUES BERQUE- QUAI DE MALAKOFF- RESID HOME STADE SA UPIN 44000 NANTES,44109,"47.2122,-1.5381",Immeuble,53m,"Commune, communauté de communes"
2246677,BOUYGUES TELECOM,ALL,5G NR 3500,RUE DES AVERNAISES (LES AVERNAISES) 91320 WISSOUS,91689,"48.7383,2.3503",Pylône autostable,32m,CELLNEX
2249365,ORANGE,ALL,LTE 700,ANCIENNE ROUTE NATIONALE (MONT ST SYLVESTRE) 62142 LONGUEVILLE,62526,"50.7347,1.8794",Mât,"6,5m",TDF
2266878,FREE MOBILE,ALL,"UMTS 900, LTE 700, LTE 1800, LTE 2600",BOIS DU BIOLET (MOUTON EN HAUT) 39200 ST CLAUDE,39478,"46.3769,5.8503",Pylône autostable,"30,7m",PHOENIX FRANCE INFRASTRUCTURES
2267234,FREE MOBILE,ALL,"UMTS 900, LTE 700, LTE 1800, LTE 2600",VOIE COMMUNALE N°1 DITE DU CHATELET LE CLOS JANNY (LE CHATELET) 22350 CAULNES,22032,"48.3086,-2.1881",Pylône autostable,36m,TOTEM
2272652,SFR,ALL,"LTE 700, LTE 2100",46 RUE DE BEAUBOURG 77184 EMERAINVILLE,77169,"48.8156,2.6208",Bâtiment,17m,Société Privée
2273767,BOUYGUES TELECOM,ALL,5G NR 3500,TERMINAL 2E (AÉROPORT DE PARIS-CDG) 77990 LE MESNIL AMELOT,77291,"49.0025,2.5772",Bâtiment,11m,Aviation Civile
2277815,FREE MOBILE,ALL,"LTE 700, 5G NR 700",CHEMIN D'EXPLOITATION N° 43 LES TERRES NEUVES PRÈS N165 (RISTINEC) 56520 GUIDEL,56078,"47.8269,-3.4794",Pylône autostable,36m,ATC FRANCE
2278921,FREE MOBILE,ALL,5G NR 3500,CHEMIN DE LA MONGILLE RUE DU STADE LE PORTAIL (LA MONGILLE) 49360 LA PLAINE,49240,"47.0672,-0.6278",Pylône autostable,30m,TOTEM
2279862,FREE MOBILE,ALL,5G NR 3500,RUE DE L ETENDONNE D34 E1 39190 BEAUFORT ORBAGNA,39043,"46.5811,5.4347",Pylône autostable,38m,TOTEM
2283333,BOUYGUES TELECOM,ALL,"LTE 700, 5G NR 3500",LIEU-DIT LES ECHAUSSEES LES PAS (LES ECHAUSSEES LES PAS) 50170 PONTORSON,50410,"48.5847,-1.4725",Pylône autostable,33m,BOUYGUES
2289170,FREE MOBILE,ALL,5G NR 3500,(LES PENDANTS) 71580 FLACEY EN BRESSE,71198,"46.5997,5.3636",Pylône autostable,38m,TOTEM
2293011,SFR,ALL,5G NR 3500,CAMPING CAMPING SUNÊLIA ALUNA VACANCES (LA CROISETTE) 07120 RUOMS,07201,"44.4419,4.3617",Pylône tubulaire,20m,SFR
2294953,BOUYGUES TELECOM,ALL,5G NR 3500,44 RUE DU PORT 93300 AUBERVILLIERS,93001,"48.9175,2.375",Immeuble,"18,3m","Copropriété, Syndic, SCI"
2298899,FREE MOBILE,ALL,5G NR 3500,D76 ROUTE DE MERLEAC D76 (LE PRÉ NEUF) 22460 UZEL,22384,"48.2792,-2.8475",Pylône autostable,39m,TOTEM
2301053,BOUYGUES TELECOM,ALL,5G NR 3500,232 RUE FRANCIS PERRIN 45770 SARAN,45302,"47.9494,1.8603",Pylône tubulaire,"25,2m",BOUYGUES
2306847,BOUYGUES TELECOM,ALL,5G NR 3500,8 RUE PIERRE ET MARIE CURIE 45140 INGRE,45169,"47.8997,1.8508",Pylône autostable,"28,1m",BOUYGUES
2307641,BOUYGUES TELECOM,ALL,5G NR 3500,134 R D'ASTIER DE LA VIGERIE (RÉSIDENCE LA POMPIGNANE-  BÂTI) 34000 MONTPELLIER,34172,"43.6183,3.9011",Immeuble,"26,4m","Copropriété, Syndic, SCI"
2307666,FREE MOBILE,ALL,"LTE 700, LTE 2100, 5G NR 3500",10 RUE LEON MAUVAIS 94400 VITRY SUR SEINE,94081,"48.785,2.4153",Bâtiment,30m,Société Privée
2319898,BOUYGUES TELECOM,ALL,5G NR 3500,ZONE ARTISANALE DE PAGENS 33450 MONTUSSAN,33293,"44.8786,-0.4144",Pylône tubulaire,36m,CELLNEX
2320015,BOUYGUES TELECOM,ALL,5G NR 3500,R SQ FLANDRE 59000 LILLE,59350,"50.6242,3.1178",Immeuble,"19,7m","Copropriété, Syndic, SCI"
2346451,BOUYGUES TELECOM,ALL,5G NR 3500,CHEMIN DU ROUQUIER (LA TOUR DE NEDON) 13118 ISTRES,13047,"43.5089,4.9928",Immeuble,"14,8m",Société HLM
2350244,FREE MOBILE,ALL,5G NR 3500,ROUTE DE VIBRAC D72 (MAISON NEUVE) 16290 CHAMPMILLON,16077,"45.6369,-0.0081",Pylône autostable,33m,TOTEM
2359162,ORANGE,ALL,LTE 700,RUE DU CHATEAU D EAU (LE PETIT HACQUEVILLE) 27150 HACQUEVILLE,27310,"49.2681,1.5372",Château d'eau - réservoir,35m,"Syndicat des eaux, Adduction"
2370205,BOUYGUES TELECOM,ALL,5G NR 3500,9 RUE FELIX FAURE PARC D'INGOUVILLE 76600 LE HAVRE,76351,"49.5011,0.1",Immeuble,25m,Société HLM
2382912,BOUYGUES TELECOM,ALL,5G NR 3500,298 AV DES PALUDS (LES PALUDS) 13400 AUBAGNE,13005,"43.2869,5.6019",Immeuble,15m,"Copropriété, Syndic, SCI"
2409319,BOUYGUES TELECOM,SUP,"GSM 900, UMTS 900, LTE 700, LTE 800, LTE 1800, LTE 2100, LTE 2600, 5G NR 2100",3 RUE DU COURSON 94320 THIAIS,94073,"48.75,2.3714",Pylône tubulaire,"25,5m",CELLNEX
2419615,FREE MOBILE,ALL,5G NR 3500,RUE NEUVE (FERME ST PAUL) 02820 ST ERME OUTRE ET RAMECOURT,02676,"49.5133,3.8494",Pylône autostable,36m,TOTEM
2425174,FREE MOBILE,ALL,"UMTS 900, LTE 700, LTE 1800, LTE 2100, LTE 2600, 5G NR 700",ROUTE DE WAILLY D142E2 (AUTOUR DU MOULIN) 62180 VERTON,62849,"50.4014,1.6581",Pylône tubulaire,"25,3m",FREE-MOBILE
2429133,BOUYGUES TELECOM,ALL,5G NR 3500,303 RUE DES CETOINES (LA JUSTICE) 34000 MONTPELLIER,34172,"43.6278,3.8739",Immeuble,"18,5m",Société HLM
2433714,BOUYGUES TELECOM,ALL,5G NR 3500,TERMINAL T2G BÂTIMENT 1200G (AÉROPORT CHARLES DE GAULLE) 77290 MITRY MORY,77294,"49.0053,2.6022",Bâtiment,"14,6m","CCI, Ch Métier, Port Aut, Aéroport"
2449156,FREE MOBILE,ALL,5G NR 3500,CHE DE VILLENEUVE (LE CLOUSEAU) 71310 SERRIGNY EN BRESSE,71519,"46.8144,5.1219",Pylône autostable,30m,TOTEM
2457168,BOUYGUES TELECOM,ALL,5G NR 3500,ALLEE LEONARD DE VINCI 37250 MONTBAZON,37154,"47.2769,0.7139",Pylône autostable,"38,6m",CELLNEX
2464647,FREE MOBILE,ALL,5G NR 3500,CHEMIN DE LAILLET (BEAUPLAISIR) 64520 GUICHE,64250,"43.5147,-1.2244",Pylône autostable,"50,8m",FREE-MOBILE
2468337,BOUYGUES TELECOM,ALL,"UMTS 900, LTE 700, LTE 800, LTE 1800, LTE 2100, LTE 2600, 5G NR 2100",28 AV POINCARE 94290 VILLENEUVE LE ROI,94077,"48.7339,2.4214",Immeuble,"15,2m","Copropriété, Syndic, SCI"
2478683,BOUYGUES TELECOM,ALL,5G NR 3500,22 R DU PÈRE KOLBE 59770 MARLY,59383,"50.3478,3.5378",Pylône tubulaire,30m,ATC FRANCE
2478683,FREE MOBILE,ALL,5G NR 3500,22 R DU PÈRE KOLBE 59770 MARLY,59383,"50.3478,3.5378",Pylône tubulaire,30m,ATC FRANCE
2484457,BOUYGUES TELECOM,ALL,"LTE 700, LTE 800, LTE 1800, LTE 2100, LTE 2600, 5G NR 2100",ROUTE DE MENAU ROUTE DU LATERAL (LES VITARELLES) 47400 FAUGUEROLLES,47094,"44.4569,0.2319",Pylône autostable,37m,ATC FRANCE
2490324,BOUYGUES TELECOM,ALL,5G NR 3500,RUE DU BAS MARIN D153 94310 ORLY,94054,"48.7458,2.3836",Pylône autostable,33m,CELLNEX
2501154,ORANGE,ALL,LTE 700,CHEMIN DE L ARDILLAS D250 (L ARDILLAS) 33920 ST YZAN DE SOUDIAC,33492,"45.1417,-0.3972",Pylône autostable,30m,ATC FRANCE
2523002,BOUYGUES TELECOM,ALL,5G NR 3500,ROUTE DE NEUVILLE (LE PRE DU CHATAIGNER) 72190 SARGE LES LE MANS,72328,"48.0506,0.2361",Pylône autostable,38m,CELLNEX
2527762,FREE MOBILE,ALL,5G NR 700,A71 LA VERGNE (LES PETTES BEAUX) 18340 ST GERMAIN DES BOIS,18212,"46.8953,2.4183",Pylône autostable,30m,BOUYGUES
2532707,BOUYGUES TELECOM,ALL,5G NR 3500,RUE DES MALVOVIERS DÉCHETTERIE (LA GRAND-MAISON) 45520 GIDY,45154,"47.9908,1.8464",Pylône autostable,33m,CELLNEX
2534714,BOUYGUES TELECOM,ALL,5G NR 3500,21 RUE JULES MASSENET 72700 ALLONNES,72003,"47.9692,0.1625",Immeuble,27m,Société HLM
2536436,FREE MOBILE,ALL,"UMTS 900, LTE 700, LTE 1800, LTE 2600",AVENUE PAUL VAILLANT COUTURIER 94250 GENTILLY,94037,"48.8161,2.3383",Bâtiment,26m,Société Privée
2545463,BOUYGUES TELECOM,ALL,"UMTS 900, LTE 700, LTE 800, LTE 1800, LTE 2100, LTE 2600, 5G NR 2100",LE RÉALTOR ROUTE DE L'ARBOIS 13080 AIX EN PROVENCE,13001,"43.4625,5.3197",Pylône haubané,121m,TDF
2550773,FREE MOBILE,ALL,5G NR 3500,RUE DE LYS (EN LYS) 71530 SASSENAY,71502,"46.8356,4.9253",Pylône autostable,24m,TOTEM
2587876,FREE MOBILE,ALL,5G NR 3500,PROCHE RUE DU JEU D ARC (LES ECONCHIS) 02300 CAILLOUEL CREPIGNY,02139,"49.6281,3.1244",Pylône autostable,"52,2m",ON TOWER FRANCE
2614186,SFR,ALL,LTE 700,CHEMIN DE LA MESSE TERRAIN COMMUNAL AVEC RÉSERVOIR (LES VIGNES DES CHAUMES) 89270 ARCY SUR CURE,89015,"47.6219,3.7892",Pylône autostable,"24,2m",TOTEM
2629967,FREE MOBILE,ALL,"LTE 700, LTE 2100, 5G NR 700",RUE D HESDIGNEUL D171 62131 VAUDRICOURT,62836,"50.4975,2.6203",Pylône autostable,"37,9m",FREE-MOBILE
2634062,SFR,SUP,"GSM 900, UMTS 900, LTE 700, LTE 800, LTE 1800, LTE 2100, LTE 2600, 5G NR 2100, 5G NR 3500",(RUE DU ROCHER) 57800 FREYMING MERLEBACH,57240,"49.1564,6.8092",Pylône autostable,32m,TOWEO
2634070,BOUYGUES TELECOM,ALL,"LTE 700, LTE 800, LTE 1800, LTE 2100, 5G NR 2100",PRÈS DE LA RUE MAUSSANE (BASSES FREMIERES) 10190 MESSON,10240,"48.2728,3.8983",Pylône autostable,"36,7m",FREE-MOBILE
2642807,FREE MOBILE,ALL,5G NR 3500,(EICHWALD) 68116 GUEWENHEIM,68115,"47.76,7.0886",Pylône autostable,47m,ORANGE
2650266,BOUYGUES TELECOM,ALL,"LTE 700, LTE 800, LTE 1800, LTE 2100, LTE 2600, 5G NR 2100, 5G NR 3500",ROUTE DE SAINT-JACQUES (PLAINE SAINT JACQUES) 76510 ST JACQUES D ALIERMONT,76590,"49.845,1.2569",Pylône autostable,30m,SFR
2651049,ORANGE,ALL,"LTE 700, LTE 800",2-4 RUE PAUL BONAMY 31000 TOULOUSE,31555,"43.595,1.4669",Bâtiment,19m,Particulier
2653395,SFR,ALL,5G NR 2100,ROUTE D'ESCALA (BARBARANE ) 82600 ST SARDOS,82173,"43.8886,1.1219",Pylône autostable,44m,SFR
2653399,FREE MOBILE,ALL,5G NR 3500,CHEMIN DES BOUSQUETS (PETROT) 64400 MOUMOUR,64409,"43.2136,-0.6642",Pylône autostable,27m,TDF
2656816,SFR,ALL,5G NR 2100,RUE PIERRE LEGENDRE DÉCHETTERIE 44400 REZE,44143,"47.1578,-1.5336",Pylône autostable,44m,TOTEM
2678209,BOUYGUES TELECOM,ALL,5G NR 3500,9 CHE LOUIS TRIBAIL 33610 CESTAS,33122,"44.7603,-0.7292",Pylône tubulaire,32m,CELLNEX
2685098,BOUYGUES TELECOM,SUP,"GSM 900, UMTS 900, LTE 700, LTE 800, LTE 1800, LTE 2100, LTE 2600, 5G NR 2100, 5G NR 3500",22 B BD FONSALA PLACE DU LANGUEDOC 42400 ST CHAMOND,42207,"45.4758,4.53",Immeuble,44m,Société HLM
2716168,FREE MOBILE,ALL,"UMTS 900, LTE 700, LTE 1800, LTE 2600",CHEM DE LA CAPELANE (VALAT DE LA FONT) 30740 LE CAILAR,30059,"43.6853,4.2292",Pylône autostable,24m,BOUYGUES
2725094,BOUYGUES TELECOM,ALL,5G NR 3500,CHEMIN DE SAINT-ETIENNE (PARKING CIMETIERE) 84370 BEDARRIDES,84016,"44.0431,4.9064",Pylône autostable,26m,CELLNEX
2732579,FREE MOBILE,ALL,5G NR 3500,ROUTE DE QUARANTE SOUS 78630 ORGEVAL,78466,"48.9211,2.0031",Pylône autostable,30m,FREE-MOBILE
2737373,BOUYGUES TELECOM,ALL,"UMTS 900, LTE 700, LTE 800, LTE 1800, LTE 2100, LTE 2600, 5G NR 2100",6 ALL DE LA QUINTINIE 91230 MONTGERON,91421,"48.6964,2.4539",Immeuble,35m,Société HLM
2748381,BOUYGUES TELECOM,ALL,"LTE 700, LTE 800, LTE 1800, LTE 2100, LTE 2600, 5G NR 2100, 5G NR 3500",4 RUE MARYSE HILSZ 66000 PERPIGNAN,66136,"42.6864,2.8933",Immeuble,"19,2m","Copropriété, Syndic, SCI"
2749664,SFR,ALL,5G NR 3500,AV ROBERT JONIS 30000 NIMES,30189,"43.8258,4.3839",Pylône autostable,21m,BOUYGUES
2773456,FREE MOBILE,ALL,"UMTS 900, LTE 700, LTE 1800, LTE 2600",RUE DE LOBIAU 62136 LA COUTURE,62252,"50.5794,2.7217",Pylône autostable,38m,FREE-MOBILE
2776058,FREE MOBILE,ALL,"UMTS 900, LTE 700, LTE 1800, LTE 2600",13 BIS RUE DU PROFESSEUR MARTIN 31000 TOULOUSE,31555,"43.6019,1.4642",Immeuble,"36,8m","Copropriété, Syndic, SCI"
2782238,BOUYGUES TELECOM,ALL,"UMTS 900, LTE 700, LTE 800",RTE DE TOUTES AURES (ROCHE CHABRIERE) 07590 BORNE,07038,"44.6089,4.0231",Pylône autostable,"13,5m",BOUYGUES
2784634,SFR,ALL,"LTE 700, LTE 800, LTE 1800, LTE 2100, LTE 2600, 5G NR 3500",36 RUE ERNEST LEGOUVÉ 44000 NANTES,44109,"47.2272,-1.5681",Bâtiment,"16,5m",Société Privée
2790730,SFR,ALL,"GSM 900, UMTS 900, LTE 700, LTE 800, LTE 1800, LTE 2100, LTE 2600, 5G NR 3500",3 RUE DE LA MALTERIE 59780 BAISIEUX,59044,"50.6178,3.2433",Pylône tubulaire,36m,SFR
2798936,FREE MOBILE,ALL,"LTE 2100, 5G NR 3500",137-139 RUE DU GENERAL LECLERC (LES RINVALS) 95130 FRANCONVILLE,95252,"48.9856,2.2236",Immeuble,"21,2m",Société HLM
2807003,BOUYGUES TELECOM,SUP,"UMTS 900, LTE 700, LTE 800",CHEMIN DES GRANGES CHEMIN DES VIOTS 74500 CHAMPANGES,74057,"46.3764,6.5664",Pylône autostable,42m,SFR
2807003,FREE MOBILE,SUP,"UMTS 900, LTE 700",CHEMIN DES GRANGES CHEMIN DES VIOTS 74500 CHAMPANGES,74057,"46.3764,6.5664",Pylône autostable,42m,SFR
2808990,FREE MOBILE,ALL,"UMTS 900, LTE 700, LTE 1800",CHEMIN DE SAINT MARTIN 01140 ST ETIENNE SUR CHALARONNE,01351,"46.1547,4.8425",Pylône autostable,"32,6m",TDF
2809854,Gouv Nelle Calédonie (OPT),ALL,"UMTS 900, LTE 800",CARRIERE DUNITES 78 (DUNITES) 98809 LE MONT DORE,98817,"-22.1958,166.7219",Mât métallique,15m,Office des Postes et Télécom
2813640,FREE MOBILE,ALL,"UMTS 900, LTE 700, LTE 1800, LTE 2600",(MONTSEC) 09300 LAVELANET,09160,"42.9194,1.8636",Pylône autostable,"38,8m",FREE-MOBILE
2816022,FREE MOBILE,ALL,"5G NR 700, 5G NR 3500",N176 (GRAND BOIS DE LA FOSSE AUX LOU) 22100 ST SAMSON SUR RANCE,22327,"48.4914,-2.0419",Pylône autostable,49m,FREE-MOBILE
2818489,FREE MOBILE,ALL,"LTE 2100, 5G NR 3500",CHEMIN LATERAL (A L AIGRON) 33910 ST DENIS DE PILE,33393,"44.9853,-0.1911",Pylône autostable,"44,7m",TDF
2819365,FREE MOBILE,ALL,5G NR 3500,109 RUE SAINT-LAZARE PASSAGE DU HAVRE CENTRE COMMERCIAL 75009 PARIS 09,75109,"48.8756,2.3281",Bâtiment,6m,Société Privée
2822903,SFR,ALL,"UMTS 900, LTE 800, LTE 1800, LTE 2100, LTE 2600",17 VILLA PAUL VERLAINE RUE FRANCOIS PINTON 75019 PARIS 19,75119,"48.8819,2.3897",Immeuble,"20,8m",Société Privée
2824678,FREE MOBILE,ALL,"UMTS 900, LTE 700, LTE 1800, LTE 2600",1 RUE MARCONI 35760 MONTGERMONT,35189,"48.1558,-1.7058",Pylône autostable,26m,CELLNEX
2824904,FREE MOBILE,ALL,"LTE 700, 5G NR 700",PROCHE A89 (BOIS DU REVENANT) 24700 MONTPON MENESTEROL,24294,"44.9881,0.1922",Pylône autostable,43m,Sociétés d'Autoroutes
2836904,FREE MOBILE,ALL,"UMTS 900, LTE 700, LTE 1800, LTE 2600",101 AVENUE RENÉ ANTOUNE 33320 EYSINES,33162,"44.8664,-0.6542",Pylône tubulaire,31m,CELLNEX
2839288,SFR,ALL,"UMTS 900, LTE 700, LTE 800, LTE 1800, LTE 2100, LTE 2600, 5G NR 3500",169 ROUTE D'ESTAIRES 62840 LORGIES,62529,"50.565,2.7844",Pylône autostable,26m,ATC FRANCE
2845182,BOUYGUES TELECOM,ALL,5G NR 3500,AVENUE DES PIERRELETS 45380 CHAINGY,45067,"47.8789,1.8047",Pylône autostable,26m,CELLNEX
2856957,FREE MOBILE,ALL,"LTE 700, LTE 2100, 5G NR 700, 5G NR 3500",RUE DE L UNIVERSITÉ 75007 PARIS 07,75107,"48.8611,2.3033",Immeuble,"27,4m","Copropriété, Syndic, SCI"
2861595,FREE MOBILE,ALL,"UMTS 900, LTE 700, LTE 1800, LTE 2100, LTE 2600, 5G NR 700, 5G NR 3500",104 À 114 RUE HENRI BARBUSSE 93300 AUBERVILLIERS,93001,"48.9092,2.3911",Immeuble,37m,Société HLM
2866873,FREE MOBILE,ALL,"UMTS 900, LTE 700, LTE 1800, LTE 2100, LTE 2600, 5G NR 3500",2 RUE GIFFARD (PARC GLANDAZ) 93250 VILLEMOMBLE,93077,"48.8867,2.4919",Bâtiment,53m,Société HLM
2868335,FREE MOBILE,ALL,"UMTS 900, LTE 700, LTE 1800, 5G NR 700, 5G NR 3500",42 RUE DU MARAICHON 59148 FLINES LEZ RACHES,59239,"50.4114,3.1914",Pylône autostable,"25,8m",FREE-MOBILE
2870566,BOUYGUES TELECOM,ALL,"UMTS 900, LTE 700, LTE 800",PRÈS DE LA VOIE COMMUNALE N°1 D ' AZILLANET (SAINT-ESTEBE) 34210 AZILLANET,34020,"43.32,2.7322",Pylône autostable,"24,3m",TOTEM
2870566,FREE MOBILE,ALL,UMTS 900,PRÈS DE LA VOIE COMMUNALE N°1 D ' AZILLANET (SAINT-ESTEBE) 34210 AZILLANET,34020,"43.32,2.7322",Pylône autostable,"24,3m",TOTEM
2872733,BOUYGUES TELECOM,ALL,5G NR 3500,2 RUE RODOLPHE DIESEL 63000 CLERMONT FERRAND,63113,"45.7778,3.1361",Pylône autostable,"26,5m","Copropriété, Syndic, SCI"
2874748,FREE MOBILE,ALL,5G NR 700,ROUTE DEPARTEMENTAL 1504 (AUX FONTANETTES) 01230 TORCIEU,01421,"45.935,5.4128",Pylône autostable,34m,ATC FRANCE
2875124,FREE MOBILE,ALL,"LTE 2100, 5G NR 700",PROCHE A10 (L AUBARDERIE) 37380 NEUILLE LE LIERRE,37166,"47.5269,0.9483",Pylône autostable,"32,6m",TDF
2877972,FREE MOBILE,ALL,"5G NR 700, 5G NR 3500",PROCHE D29 (LE PETIT OSIER) 22100 ST HELEN,22299,"48.4786,-1.9872",Pylône autostable,"37,9m",FREE-MOBILE
2881617,FREE MOBILE,ALL,"LTE 2100, 5G NR 3500",9 AVENUE ARMAND ROUSSEAU 75012 PARIS 12,75112,"48.8358,2.4086",Immeuble,"30,7m",Société HLM
2882018,FREE MOBILE,ALL,"LTE 700, LTE 2100, 5G NR 700, 5G NR 3500",RUE DE LIÈGE RÉSIDENCE LE CENTAURE 59100 ROUBAIX,59512,"50.6864,3.2011",Immeuble,"35,7m",Société HLM
2882369,FREE MOBILE,ALL,"LTE 2100, 5G NR 3500",RUE CAMILLE PELLATAN 44620 LA MONTAGNE,44101,"47.19,-1.6892",Immeuble,"17,4m",Association
2883521,FREE MOBILE,ALL,"UMTS 900, LTE 700, LTE 1800, LTE 2600",2 RUE DE LA GRENOUILLERE (LE BASTION) 01000 BOURG EN BRESSE,01053,"46.2078,5.2258",Immeuble,"33,9m","Copropriété, Syndic, SCI"
2884691,TELCO OI,SUP,"GSM 900, UMTS 900, UMTS 2100, LTE 800, LTE 1800, LTE 2100, LTE 2600, 5G NR 700, 5G NR 3500",12 RUE DE LONDRES 97420 LE PORT,97407,"-20.9417,55.2939",Bâtiment,"17,4m",Société HLM
2890889,FREE MOBILE,ALL,"UMTS 900, LTE 700, LTE 1800, 5G NR 700",CHE DE LA GARENNE À MOUSSY (LA GARENNE) 95640 MOUSSY,95438,"49.1381,1.8972",Pylône autostable,33m,TDF
2893084,FREE MOBILE,ALL,"UMTS 900, LTE 700, LTE 1800",D184 (ROUGIERAS) 34310 QUARANTE,34226,"43.3556,2.9644",Pylône autostable,32m,ATC FRANCE
2894023,FREE MOBILE,ALL,5G NR 3500,82 AV GEORGES LAFONT STADE PIERRE DE COUBERTIN 75016 PARIS 16,75116,"48.8353,2.2561",Bâtiment,"11,3m","Commune, communauté de communes"
2894606,FREE MOBILE,ALL,"LTE 2100, 5G NR 3500",9 AVENUE PRÉSIDENT VINCENT AURIOL 33150 CENON,33119,"44.8564,-0.5231",Immeuble,"18,4m",Société HLM
2896467,FREE MOBILE,ALL,"UMTS 900, LTE 2600",RTE DE VALENCE FERME DU MARAIS (LE MARAIS) 77670 VERNOU LA CELLE SUR SEINE,77494,"48.4167,2.8783",Pylône autostable,40m,TOTEM
2897113,BOUYGUES TELECOM,ALL,"UMTS 900, LTE 700, LTE 800, LTE 1800, LTE 2100, LTE 2600, 5G NR 2100",LA GRAVERIE 41100 NAVEIL,41158,"47.7925,1.0528",Pylône autostable,"36,1m",PHOENIX FRANCE INFRASTRUCTURES
2898354,Gouv Nelle Calédonie (OPT),ALL,"UMTS 900, LTE 800",ROUTE DE PANDOP (MARINA PANDOP) 98850 KOUMAC,98812,"-20.5786,164.2744",Mât béton,12m,Office des Postes et Télécom
2899574,SFR,ALL,"UMTS 900, LTE 700, LTE 800, LTE 1800, LTE 2100, LTE 2600, 5G NR 2100, 5G NR 3500",18 AV  DE VERDUN 79000 NIORT,79191,"46.3219,-0.4606",Immeuble,28m,CELLNEX
2900140,SFR,ALL,"UMTS 900, LTE 700, LTE 800",PRÈS DE PAMBLANC 32240 MAULEON D ARMAGNAC,32243,"43.9011,-0.1431",Pylône autostable,"35,5m",FREE-MOBILE
2902266,FREE MOBILE,ALL,"UMTS 900, LTE 700, LTE 1800, 5G NR 700",ROUTE DE CASISCCIA (PONTE) 20276 ASCO,2B023,"42.4503,9.03",Pylône tubulaire,"18,8m",TDF
2902997,BOUYGUES TELECOM,ALL,"UMTS 900, LTE 700, LTE 800, LTE 1800, LTE 2100, LTE 2600, 5G NR 2100",21 RTE DE L'HERMITAGE 33370 POMPIGNAC,33330,"44.8589,-0.4542",Pylône autostable,"38,3m","Commune, communauté de communes"
2903256,BOUYGUES TELECOM,ALL,5G NR 3500,975 CHEM DU SAUVET (DOMAINE PIERACCI) 83270 ST CYR SUR MER,83112,"43.1883,5.7183",Pylône autostable,21m,CELLNEX
2905015,SFR,ALL,"UMTS 900, LTE 700, LTE 800",PONT MIRABEAU A51 AIRE DE REPOS 13490 JOUQUES,13048,"43.6853,5.6611",Pylône autostable,25m,Sociétés d'Autoroutes
2905492,FREE MOBILE,ALL,LTE 700,PRÈS DU CHEMIN DU MASSENOT 69280 STE CONSORCE,69190,"45.7753,4.6992",Pylône autostable,28m,TOTEM
2906796,FREE MOBILE,ALL,"UMTS 900, LTE 2600",PRÈS DU CHEMIN DE SAINT PONCHON 84200 CARPENTRAS,84031,"44.0411,5.0603",Pylône tubulaire,15m,FREE-MOBILE
2912400,FREE MOBILE,ALL,"UMTS 900, LTE 700, LTE 1800, LTE 2600",63 RUE CONDORCET 75009 PARIS 09,75109,"48.8803,2.3414",Immeuble,"25,7m",Société Privée
2912432,FREE MOBILE,ALL,5G NR 700,PRÈS DE LA RUE DES GRANDS CHAMPS 63310 ST SYLVESTRE PRAGOULIN,63400,"46.0617,3.425",Pylône autostable,"32,6m",TDF
2914573,ORANGE,SUP,"GSM 900, UMTS 900, LTE 700, LTE 800, LTE 1800, LTE 2100, LTE 2600, 5G NR 3500",RUE VERTE PROLONGÉE (ROCKEMAY) 59390 SAILLY LEZ LANNOY,59522,"50.6394,3.2433",Pylône autostable,"36,4m",ATC FRANCE
2915841,FREE MOBILE,ALL,"UMTS 900, LTE 700, LTE 1800, LTE 2600",CHEMIN DE LA FORÊT ROUTE DE DIJON 21250 AUVILLARS SUR SAONE,21035,"47.0672,5.0981",Pylône autostable,38m,TOTEM
2918085,FREE MOBILE,ALL,"UMTS 900, LTE 700, LTE 1800, LTE 2600",ROUTE DE CHASSE A7 (ROUTE DE CHASSE) 38200 VIENNE,38544,"45.5433,4.8444",Pylône autostable,"33,5m",Sociétés d'Autoroutes
2925831,BOUYGUES TELECOM,ALL,"UMTS 900, LTE 700, LTE 800, LTE 1800, LTE 2100, LTE 2600, 5G NR 2100",PROCHE RUE DE LA MARE DU GUÉ (LES CAVES GRANDES PORS ET EVE) 22950 TREGUEUX,22360,"48.4717,-2.7556",Pylône autostable,"26,6m",CELLNEX
2927472,FREE MOBILE,ALL,"LTE 2100, 5G NR 700, 5G NR 3500",IMPASSE DE L'ETOILE 13170 LES PENNES MIRABEAU,13071,"43.4008,5.3394",Bâtiment,"10,1m","Commune, communauté de communes"
2927520,FREE MOBILE,ALL,"UMTS 900, LTE 700, LTE 1800, LTE 2100, LTE 2600, 5G NR 3500",55 RUE SADI CARNOT 92800 PUTEAUX,92062,"48.8867,2.2378",Immeuble,"16,2m","Copropriété, Syndic, SCI"
2930644,FREE MOBILE,ALL,"LTE 2100, 5G NR 700",PRÈS DU LE FOULON 21350 ARNAY SOUS VITTEAUX,21024,"47.4528,4.5058",Pylône autostable,26m,TDF
2930678,FREE MOBILE,ALL,"LTE 2100, 5G NR 3500",AVENUE AMBROISE CROIZAT 93150 LE BLANC MESNIL,93007,"48.9339,2.4733",Immeuble,14m,"Copropriété, Syndic, SCI"
2930988,FREE MOBILE,ALL,"LTE 700, 5G NR 700",ROUTE DE PRENERAY 18250 MONTIGNY,18151,"47.2461,2.6842",Pylône autostable,"44,9m",FREE-MOBILE
2933818,SFR,ALL,UMTS 900,D202 (RACINEUIL) 89700 MOLOSMES,89262,"47.89,4.0375",Pylône autostable,42m,HIVORY
2934126,FREE MOBILE,ALL,"UMTS 900, LTE 700, LTE 1800, LTE 2600",RUE DES FRÈRES PIETO 22400 LAMBALLE ARMOR,22093,"48.4886,-2.4653",Pylône autostable,"32,6m",TDF
2934150,FREE MOBILE,ALL,"LTE 2100, 5G NR 3500",ALLEE SANTOS DUMONT 33115 LA TESTE DE BUCH,33529,"44.6364,-1.125",Pylône arbre,"30,5m",FREE-MOBILE
2934212,FREE MOBILE,ALL,"LTE 2100, 5G NR 3500",1 IMPASSE PAUL FORT 00404 ERR CONV INSEE,69152,"45.7017,4.8325",Immeuble,"18,3m",Société HLM
2934222,FREE MOBILE,ALL,"UMTS 900, LTE 700, LTE 1800, LTE 2600",18 RUE POUCHET (BROCHANT) 75017 PARIS 17,75117,"48.8925,2.3194",Immeuble,"31,8m",Société HLM
2934538,BOUYGUES TELECOM,SUP,"UMTS 900, LTE 700, LTE 800, LTE 1800, LTE 2100, LTE 2600, 5G NR 2100",11 R ELISE DEROCHE 49000 ANGERS,49007,"47.4939,-0.5764",Immeuble,22m,"Copropriété, Syndic, SCI"
2934542,ORANGE,ALL,"LTE 700, LTE 800",350 RUE DU LÉARD (PIECE DU LÉARD) 49380 BELLEVIGNE EN LAYON,49345,"47.2586,-0.5122",Pylône autostable,35m,ON TOWER FRANCE
2934662,FREE MOBILE,ALL,"UMTS 900, LTE 700, LTE 1800, LTE 2600",ROUTE DES ILES SANGUINAIRES HOTEL CALA DI SOLE 20000 AJACCIO,2A004,"41.9061,8.6686",Immeuble,"10,5m",Société Privée
2936506,BOUYGUES TELECOM,ALL,"UMTS 900, LTE 700, LTE 800, LTE 1800, LTE 2100, LTE 2600, 5G NR 2100",181/183 AV VICTOR HUGO 75016 PARIS 16,75116,"48.8658,2.2767",Immeuble,39m,"Copropriété, Syndic, SCI"
2936670,FREE MOBILE,ALL,"UMTS 900, LTE 700, LTE 1800, LTE 2100, LTE 2600, 5G NR 3500",AV DU LYCEE 40160 PARENTIS EN BORN,40217,"44.3567,-1.0736",Pylône tubulaire,"25,2m",FREE-MOBILE
2940232,FREE MOBILE,ALL,LTE 2100,AVENUE ADRIEN PRESSEMANE (CHATEAU DE LA RUE) 87350 PANAZOL,87114,"45.8383,1.3225",Pylône autostable,42m,TOTEM
2940310,BOUYGUES TELECOM,ALL,"UMTS 900, LTE 700, LTE 800",CHEMIN DU ROURE 66500 LOS MASOS,66104,"42.6086,2.4514",Pylône autostable,"26,8m",FREE-MOBILE
2943122,FREE MOBILE,ALL,"UMTS 900, LTE 700, LTE 1800, LTE 2600",9 RUE NEUVE RÉSIDENCE CLAIR MATIN 69400 GLEIZE,69092,"45.9883,4.6989",Bâtiment,"15,4m","Copropriété, Syndic, SCI"
2947265,BOUYGUES TELECOM,ALL,"UMTS 900, LTE 700, LTE 800, LTE 1800, LTE 2100, LTE 2600, 5G NR 2100",COMLEC'K VERS MOULIN DU RENAUD (LA CLOUÉE) 44680 ST HILAIRE DE CHALEONS,44164,"47.0931,-1.8511",Pylône autostable,"34,5m",CELLNEX
2947586,BOUYGUES TELECOM,SUP,"UMTS 900, LTE 700, LTE 800, LTE 1800, LTE 2100, LTE 2600, 5G NR 2100",CHEM DES GRAVIÈRES 30131 PUJAUT,30209,"43.98,4.7378",Pylône autostable,24m,BOUYGUES
2947586,SFR,SUP,"UMTS 900, LTE 700, LTE 800, LTE 1800, LTE 2100, LTE 2600, 5G NR 2100",CHEM DES GRAVIÈRES 30131 PUJAUT,30209,"43.98,4.7378",Pylône autostable,24m,BOUYGUES
2948010,FREE MOBILE,ALL,"UMTS 900, LTE 700, LTE 1800, LTE 2100, LTE 2600, 5G NR 3500",3 CHEMIN DE L'ARCHAMBAUD 85550 LA BARRE DE MONTS,85012,"46.8772,-2.1208",Pylône tubulaire,"31,2m",FREE-MOBILE
2948197,BOUYGUES TELECOM,SUP,"UMTS 900, LTE 700, LTE 800, LTE 1800, LTE 2100, LTE 2600, 5G NR 2100, 5G NR 3500",R JOSEPH MARIE JACQUARD 59494 PETITE FORET,59459,"50.3867,3.4714",Pylône autostable,36m,BOUYGUES
2949241,FREE MOBILE,ALL,"UMTS 900, LTE 700, LTE 1800, LTE 2100, LTE 2600, 5G NR 700, 5G NR 3500",16 RUE DES ARCHERS 69002 LYON 02,69382,"45.7592,4.8344",Immeuble,30m,"Copropriété, Syndic, SCI"
2952652,FREE MOBILE,ALL,"UMTS 900, LTE 700, LTE 1800, LTE 2600",14 AVENUE MALHERBE 38000 GRENOBLE,38185,"45.1697,5.7356",Bâtiment,29m,"Copropriété, Syndic, SCI"
2953037,FREE MOBILE,ALL,"UMTS 900, LTE 700, LTE 1800, LTE 2600",5 R JULES LOBET SOCIÉTÉ JOURDAN 08000 VILLERS SEMEUSE,08480,"49.7475,4.7428",Bâtiment,21m,Société Privée
2955349,FREE MOBILE,ALL,"UMTS 900, LTE 700",ALLÉE DE GACHON (YUZEIRE) 40700 MORGANX,40198,"43.6047,-0.5725",Pylône tubulaire,30m,FREE-MOBILE
2955784,FREE MOBILE,ALL,"LTE 2100, 5G NR 700, 5G NR 3500",99 / 101 AVENUE LÉNINE 93380 PIERREFITTE SUR SEINE 93380 PIERREFITTE SUR SEINE,93059,"48.9575,2.3592",Immeuble,27m,ON TOWER FRANCE
2956198,FREE MOBILE,ALL,LTE 700,ROUTE D ETREHAM 14400 TOUR EN BESSIN,14700,"49.3006,-0.8011",Pylône autostable,"32,6m",TDF
2956200,FREE MOBILE,ALL,"UMTS 900, LTE 700, LTE 1800, LTE 2600",PROCHE N165 PROCHE N165 (QUIVOUIDIC) 29150 CHATEAULIN,29026,"48.1889,-4.0456",Pylône autostable,"32,6m",TDF
2956621,SFR,ALL,UMTS 900,602 CHEMIN DU SABOT DES PRETRES (LES GORCES) 26750 GENISSIEUX,26139,"45.0742,5.0975",Pylône autostable,"36,2m",SFR
2959200,BOUYGUES TELECOM,ALL,"LTE 700, LTE 800, LTE 1800, LTE 2100, LTE 2600, 5G NR 2100",RUE ITZHAK RABIN LES LAVANDES 26300 BOURG DE PEAGE,26057,"45.0325,5.0681",Immeuble,"14,8m","Copropriété, Syndic, SCI"
2961511,BOUYGUES TELECOM,ALL,"UMTS 900, LTE 700, LTE 800",CHEMIN D'ANGLADES (A TOURET) 32140 MONT D ASTARAC,32280,"43.3222,0.5767",Pylône autostable,25m,ORANGE
2961682,SFR,ALL,"UMTS 900, LTE 700, LTE 800",ROUTE DES COTES MEUNIÈRES RD 280 (LA POYAT) 38190 LA COMBE DE LANCEY,38120,"45.2169,5.8892",Pylône autostable,30m,FREE-MOBILE
2961690,FREE MOBILE,ALL,"UMTS 900, LTE 700, LTE 1800, LTE 2600",16 RUE DE LA VERRERIE 84130 LE PONTET,84092,"43.9833,4.8564",Pylône autostable,24m,FREE-MOBILE
2965475,FREE MOBILE,ALL,"UMTS 900, LTE 700, LTE 1800, LTE 2600",8 RUE DES TOULEUSES POURPRES (LES TOULOUSES) 95000 CERGY,95127,"49.0306,2.0781",Bâtiment,23m,Société HLM
2966861,FREE MOBILE,ALL,"LTE 700, LTE 2100, 5G NR 700",CENTRE DE LOISIR COMMUNAL 206  (SAUCINON) 33680 LACANAU,33214,"44.9583,-1.1433",Pylône arbre,44m,FREE-MOBILE
2966898,BOUYGUES TELECOM,ALL,"UMTS 900, LTE 700, LTE 800, LTE 1800, LTE 2100, LTE 2600, 5G NR 2100",(CAMP DAL PRAT) 11590 SALLELES D AUDE,11369,"43.2561,2.9539",Pylône autostable,"26,5m",BOUYGUES
2967478,SFR,ALL,"UMTS 900, LTE 700, LTE 800",RUE DES VIEUX HÊTRES 02470 MARIZY STE GENEVIEVE,02466,"49.1794,3.2097",Pylône autostable,36m,FREE-MOBILE
2967655,BOUYGUES TELECOM,ALL,"UMTS 900, LTE 700, LTE 800",ROUTE DE SAINT JULIEN (LE BAS BOURG) 01560 ST NIZIER LE BOUCHOUX,01380,"46.4581,5.15",Pylône autostable,30m,TOTEM
2968683,FREE MOBILE,ALL,5G NR 3500,HALL MAINE (GARE MONTPARNASSE) 75015 PARIS 15,75115,"48.8408,2.3203",Bâtiment,12m,SNCF
2970334,BOUYGUES TELECOM,ALL,"UMTS 900, LTE 700, LTE 800, LTE 1800, LTE 2100, LTE 2600, 5G NR 2100",LES FONTAINES 04000 DIGNE LES BAINS,04070,"44.0831,6.2522",Pylône autostable,14m,CELLNEX
2972546,BOUYGUES TELECOM,ALL,"UMTS 900, LTE 700, LTE 800, LTE 1800, LTE 2100, LTE 2600, 5G NR 2100",1 LES PLANTES ROUTE SAINT-LÉZIN LA CHAPELLE DEPARTEMENTALE 349 49120 CHEMILLE EN ANJOU,49092,"47.245,-0.7847",Pylône autostable,"26,3m",Particulier
2972546,SFR,ALL,"UMTS 900, LTE 700, LTE 800, LTE 1800, LTE 2100, LTE 2600, 5G NR 2100",1 LES PLANTES ROUTE SAINT-LÉZIN LA CHAPELLE DEPARTEMENTALE 349 49120 CHEMILLE EN ANJOU,49092,"47.245,-0.7847",Pylône autostable,"26,3m",Particulier
2973210,BOUYGUES TELECOM,ALL,"UMTS 900, LTE 700, LTE 800, LTE 1800, LTE 2100, LTE 2600, 5G NR 2100",44 R DES PONTS 78290 CROISSY SUR SEINE,78190,"48.8761,2.1397",Immeuble,"19,1m","Copropriété, Syndic, SCI"
2973771,ORANGE,ALL,"LTE 700, LTE 800",CR DE PIERFILÉ À L'EPINE (VIGNE DE ROCHE) 86310 ANTIGNY,86006,"46.5347,0.8631",Pylône autostable,"24,2m",TOTEM
2975056,BOUYGUES TELECOM,ALL,"UMTS 900, LTE 700, LTE 800",STATION AEP DE CARGIACA (LA ROCCA) 20164 CARGIACA,2A066,"41.7333,9.0539",Pylône autostable,"20,3m",FREE-MOBILE
2975975,FREE MOBILE,ALL,"UMTS 900, LTE 2600",IMPASSE DE LA PASSERELLE ROUTE D'ARENTHON (ROSSET) 74800 ST PIERRE EN FAUCIGNY,74250,"46.08,6.3767",Pylône autostable,56m,TDF
2980136,BOUYGUES TELECOM,ALL,"UMTS 900, LTE 700, LTE 800",ST-FRÉZAL-VENTALON 48160 VENTALON EN CEVENNES,48152,"44.2861,3.8706",Pylône autostable,30m,BOUYGUES
2980164,FREE MOBILE,ALL,"UMTS 900, LTE 700, LTE 1800, LTE 2600",D105 (LA CROIX DU GROS CHENE) 50530 SARTILLY BAIE BOCAGE,50565,"48.7522,-1.4097",Pylône autostable,"32,6m",TDF
2980705,FREE MOBILE,ALL,"LTE 2100, 5G NR 3500",15 RUE ALPHONSE BRAULT 94600 CHOISY LE ROI,94022,"48.7606,2.4094",Immeuble,26m,Société HLM
2980873,FREE MOBILE,ALL,"LTE 2100, 5G NR 700",D118 (PRE RIEUX) 38330 ST ISMIER,38397,"45.2292,5.8244",Pylône autostable,33m,FREE-MOBILE
2986696,BOUYGUES TELECOM,ALL,"UMTS 900, LTE 700, LTE 800, LTE 1800, LTE 2100, LTE 2600, 5G NR 2100, 5G NR 3500",17 R DE LA PAIX 75002 PARIS 02,75102,"48.8697,2.3314",Immeuble,"31,4m","Copropriété, Syndic, SCI"
2987593,FREE MOBILE,ALL,"LTE 700, LTE 2100, 5G NR 3500",AVENUE DU BORD DES EAUX RESTAURANT CROCODILE 62110 HENIN BEAUMONT,62427,"50.4061,2.9736",Pylône tubulaire,"25,6m",FREE-MOBILE
2988951,BOUYGUES TELECOM,ALL,"UMTS 900, LTE 700, LTE 800, LTE 1800, LTE 2100, 5G NR 2100",11 AVENUE RENÉ FROGER BATIMENT D 05100 BRIANCON,05023,"44.8992,6.6314",Immeuble,28m,"Copropriété, Syndic, SCI"
2989391,SFR,ALL,"LTE 700, LTE 800, LTE 1800, LTE 2100, LTE 2600, 5G NR 2100",4 BOULEVARD XAVIER PAUCHARD 71400 AUTUN,71014,"46.9547,4.2869",Pylône autostable,37m,ON TOWER FRANCE
2989601,FREE MOBILE,ALL,"LTE 2100, 5G NR 3500",10 ALLÉE GABRIEL FAURE 92290 CHATENAY MALABRY,92019,"48.7686,2.2864",Immeuble,"15,8m",Société HLM
2989615,FREE MOBILE,ALL,"UMTS 900, LTE 700, LTE 1800, LTE 2600",9 RUE DES BRUYERES (HIGUERES) 64160 BUROS,64152,"43.3294,-0.3042",Pylône tubulaire,"31,4m",FREE-MOBILE
2991375,BOUYGUES TELECOM,ALL,"LTE 1800, LTE 2100, LTE 2600, 5G NR 3500",18 RUE SÉVERINE (METRO KREMLIN-BICÊTRE HÔP_L14) 94270 LE KREMLIN BICETRE,94043,"48.81,2.35",Intérieur sous-terrain,0m,RATP
2991383,FREE MOBILE,ALL,5G NR 3500,102 RUE DE BICÈTRE (MÉTRO L'HAY LES ROSES L17) 94240 L HAY LES ROSES,94038,"48.775,2.3547",Intérieur sous-terrain,0m,RATP
2991391,BOUYGUES TELECOM,ALL,"LTE 1800, LTE 2100, LTE 2600, 5G NR 3500",8 RUE LATÉRALE (MÉTRO CHEVILLY LARUE PDT L14) 94550 CHEVILLY LARUE,94021,"48.7589,2.3672",Intérieur sous-terrain,0m,RATP
2991399,BOUYGUES TELECOM,ALL,"LTE 1800, LTE 2100, LTE 2600, 5G NR 3500",55 RUE EDOURD VAILLANT (MÉTRO VILLEJUIF_ IGR L14) 94800 VILLEJUIF,94076,"48.7936,2.35",Intérieur sous-terrain,0m,RATP
2991488,FREE MOBILE,ALL,"LTE 2100, 5G NR 3500",7 PLACE DE L'ETANG DU ROY 91410 DOURDAN,91200,"48.5306,2.0033",Bâtiment,"12,9m",Société HLM
2993110,BOUYGUES TELECOM,ALL,"LTE 700, LTE 800, LTE 1800, LTE 2100, LTE 2600, 5G NR 2100, 5G NR 3500",1653 BOULEVARD DE LA PLAGE 66440 TORREILLES,66212,"42.7678,3.0322",Pylône tubulaire,"12,8m",SFR
2996591,SFR,ALL,"LTE 1800, LTE 2100",724  PETITE VERTE RUE 59270 BAILLEUL,59043,"50.7175,2.7425",Pylône autostable,26m,TDF
2996651,BOUYGUES TELECOM,ALL,"UMTS 900, LTE 700, LTE 800, LTE 1800, LTE 2100, LTE 2600, 5G NR 2100",RUE DU CHATEAU VOIE COMMUNALE 4 (LA PIECE DE LA CHICANE) 27120 BOISSET LES PREVANCHES,27076,"48.9786,1.3278",Pylône autostable,"36,8m",BOUYGUES
2996651,SFR,ALL,"UMTS 900, LTE 700, LTE 800, LTE 1800, LTE 2100, LTE 2600, 5G NR 2100",RUE DU CHATEAU VOIE COMMUNALE 4 (LA PIECE DE LA CHICANE) 27120 BOISSET LES PREVANCHES,27076,"48.9786,1.3278",Pylône autostable,"36,8m",BOUYGUES
2996760,FREE MOBILE,ALL,"UMTS 900, LTE 700, LTE 1800, LTE 2600",ROUTE DES BLACHES (TRIBON) 26700 PIERRELATTE,26235,"44.3469,4.6903",Pylône autostable,27m,FREE-MOBILE
2996764,FREE MOBILE,ALL,"UMTS 900, LTE 700, LTE 1800, LTE 2600, 5G NR 700",5 RUE LOUIS HAREL DE LA NOE (LA BOUSSARDIÈRE) 72250 PARIGNE L EVEQUE,72231,"47.9536,0.3117",Pylône autostable,"46,5m",FREE-MOBILE
2996770,FREE MOBILE,ALL,"UMTS 900, LTE 700, LTE 1800, LTE 2600",4 RUE DE BERGKAMEN 92230 GENNEVILLIERS,92036,"48.9211,2.2972",Bâtiment,"27,4m",Société HLM
2999681,BOUYGUES TELECOM,ALL,5G NR 3500,1 AVENUE DIDIER DAURAT 31700 BLAGNAC,31069,"43.6267,1.3831",Pylône tubulaire,31m,CELLNEX
3000023,BOUYGUES TELECOM,ALL,"UMTS 900, LTE 700, LTE 800, LTE 1800, LTE 2100, 5G NR 2100",R ST-VINCENT 28500 OUERRE,28292,"48.7025,1.4597",Pylône autostable,41m,FREE-MOBILE
3000677,FREE MOBILE,ALL,"UMTS 900, LTE 700, LTE 1800, LTE 2600",147 AVENUE DU PROFESSEUR LOUIS RAVAZ RESIDANCE LES CIGALES 34000 MONTPELLIER,34172,"43.6181,3.8528",Bâtiment,"17,4m","État, Ministère"
3003156,FREE MOBILE,ALL,"UMTS 900, LTE 700, LTE 1800, LTE 2100, LTE 2600, 5G NR 3500",CHEMIN DE LA MADELEINE 64000 PAU,64445,"43.3294,-0.3417",Pylône autostable,"38,8m",FREE-MOBILE
3003348,BOUYGUES TELECOM,ALL,"UMTS 900, LTE 700, LTE 800",ACCÈS PAR ALL CELESTE BRINGER PUIS CHEMIN À GAUCHE (LE PAS DU RIEU HAUT) 11390 LAPRADE,11189,"43.4569,2.2625",Pylône autostable,24m,TOTEM
3003348,FREE MOBILE,ALL,UMTS 900,ACCÈS PAR ALL CELESTE BRINGER PUIS CHEMIN À GAUCHE (LE PAS DU RIEU HAUT) 11390 LAPRADE,11189,"43.4569,2.2625",Pylône autostable,24m,TOTEM
3003503,SFR,ALL,"UMTS 900, LTE 700, LTE 800, LTE 1800, LTE 2100, LTE 2600, 5G NR 2100",120 CHEMIN DES TULIPES 34400 LUNEL,34145,"43.6733,4.1411",Immeuble,19m,"Copropriété, Syndic, SCI"
3003687,BOUYGUES TELECOM,ALL,"UMTS 900, LTE 700, LTE 800, LTE 1800, LTE 2100, LTE 2600, 5G NR 2100",921 BD SZ LAURIOL (ROND POINT DE GIRAC) 34830 CLAPIERS,34077,"43.655,3.8711",Pylône tubulaire,"43,3m",BOUYGUES
3004226,ORANGE,ALL,"LTE 700, LTE 800",ROUTE DE BOGUES (AYMAT) 09700 SAVERDUN,09282,"43.2256,1.5647",Pylône autostable,36m,TOTEM
3004377,FREE MOBILE,ALL,"LTE 700, LTE 1800, LTE 2100, 5G NR 3500",RUE DE PAUSOA ERRONDENIA  64700 HENDAYE,64260,"43.3611,-1.7589",Pylône autostable,"32,8m",RTE
3004964,BOUYGUES TELECOM,ALL,"UMTS 900, LTE 700, LTE 800, LTE 1800, LTE 2100, LTE 2600, 5G NR 2100",6 R D'ESPAGNE 28110 LUCE,28218,"48.4386,1.4761",Immeuble,18m,CELLNEX
3006125,SFR,ALL,"LTE 700, LTE 800, LTE 1800, LTE 2100, LTE 2600, 5G NR 3500",423 RUE JEAN QUEILLAU 13014 MARSEILLE 14,13214,"43.3378,5.3856",Immeuble,18m,"Copropriété, Syndic, SCI"
3007845,FREE MOBILE,ALL,"UMTS 900, LTE 700, LTE 1800, LTE 2600",16 RUE DE VALENTON 94700 MAISONS ALFORT,94046,"48.7919,2.4369",Immeuble,23m,Société HLM
3013643,FREE MOBILE,ALL,"LTE 1800, LTE 2600",1 BOULEVARD DE LA CROISETTE 06150 CANNES,06029,"43.5508,7.0175",Bâtiment,27m,"Commune, communauté de communes"
3015441,BOUYGUES TELECOM,ALL,"UMTS 900, LTE 700, LTE 800, LTE 1800, LTE 2100, LTE 2600, 5G NR 2100, 5G NR 3500",PROCHE CHEMIN D'AURAFREDE (LA BUISSIERE) 04800 GREOUX LES BAINS,04094,"43.7517,5.8906",Pylône autostable,20m,CELLNEX
3015441,SFR,ALL,"UMTS 900, LTE 700, LTE 800, LTE 1800, LTE 2100, LTE 2600, 5G NR 2100",PROCHE CHEMIN D'AURAFREDE (LA BUISSIERE) 04800 GREOUX LES BAINS,04094,"43.7517,5.8906",Pylône autostable,20m,CELLNEX
3015780,BOUYGUES TELECOM,ALL,"UMTS 900, LTE 700, LTE 800, LTE 1800, LTE 2100, LTE 2600, 5G NR 2100",21 R DE L'ARTISANAT (ZA DE LANN BORNE) 56450 SURZUR,56248,"47.5722,-2.65",Pylône autostable,"38,5m",CELLNEX
3017597,FREE MOBILE,ALL,5G NR 700,ROUTE DU CHATEAU (LES CINQ PIERRES) 46240 COEUR DE CAUSSE,46138,"44.6378,1.5353",Pylône autostable,"27,8m",Sociétés d'Autoroutes
3018580,FREE MOBILE,ALL,"LTE 700, 5G NR 700",DÉPARTEMENTAL D317 (POMMEY) 70300 STE MARIE EN CHAUX,70470,"47.7917,6.3178",Pylône autostable,25m,ATC FRANCE
3020100,BOUYGUES TELECOM,ALL,"UMTS 900, LTE 700, LTE 800",CHEMIN D'EXPLOITATION PROCHE CHEMIN DU RESERVOIR (AU GRAND LUCHIN) 25520 VAL D USIERS,25060,"46.9503,6.2936",Pylône autostable,"30,5m",CELLNEX
3021452,BOUYGUES TELECOM,ALL,"UMTS 900, LTE 700, LTE 800",CHEMIN D'EXPLOITATION N°202 PROCHE STATION D'ÉPURATION (LA MACAIS) 35500 CHAMPEAUX,35052,"48.1481,-1.3017",Pylône autostable,24m,TOTEM
3021719,BOUYGUES TELECOM,ALL,"UMTS 900, LTE 700, LTE 800, LTE 1800, LTE 2100, LTE 2600, 5G NR 2100",59 AV DANIELLE CASANOVA 14 R LEDRU ROLLIN 94200 IVRY SUR SEINE,94041,"48.8156,2.3833",Immeuble,"29,5m","Copropriété, Syndic, SCI"
3021901,BOUYGUES TELECOM,ALL,"UMTS 900, LTE 700, LTE 800",BARAQUE DE TRINCAL PRÈS RD14 (COL DE MONTRUFFET) 48140 LE MALZIEU FORAIN,48089,"44.8539,3.3967",Pylône autostable,18m,TDF
3021901,FREE MOBILE,ALL,UMTS 900,BARAQUE DE TRINCAL PRÈS RD14 (COL DE MONTRUFFET) 48140 LE MALZIEU FORAIN,48089,"44.8539,3.3967",Pylône autostable,18m,TDF
3022908,BOUYGUES TELECOM,ALL,"UMTS 900, LTE 700, LTE 800, LTE 1800, LTE 2100, LTE 2600, 5G NR 2100, 5G NR 3500",99 AV CHARLES DE GAULLE 91420 MORANGIS,91432,"48.7058,2.3489",Immeuble,"13,4m",Société Privée
3024289,BOUYGUES TELECOM,ALL,"LTE 700, LTE 800, LTE 1800, LTE 2100, LTE 2600, 5G NR 2100",RTE DE DIJON (CHAMP CHARBON) 21310 BEZE,21071,"47.4592,5.2658",Pylône autostable,"40,5m",CELLNEX
3026115,FREE MOBILE,ALL,"LTE 2100, 5G NR 3500",18 AVENUE JEAN MONNET 94450 LIMEIL BREVANNES,94044,"48.7586,2.4806",Pylône autostable,30m,CELLNEX
3027417,BOUYGUES TELECOM,ALL,"UMTS 900, LTE 700, LTE 800, LTE 1800, LTE 2100, LTE 2600, 5G NR 2100",CHEMIN DU PRÉ DES OIES (LE PRÉ DES OIES) 85740 L EPINE,85083,"46.9853,-2.2594",Pylône tubulaire,"30,5m",CELLNEX
3028234,BOUYGUES TELECOM,ALL,5G NR 2100,102 LE PIGEON BLANC (LE HAUT DE LA LANDE) 35460 MAEN ROCH,35257,"48.4172,-1.3878",Pylône autostable,30m,Particulier
3028234,SFR,ALL,"UMTS 900, LTE 700, LTE 800, LTE 1800, LTE 2100, 5G NR 2100",102 LE PIGEON BLANC (LE HAUT DE LA LANDE) 35460 MAEN ROCH,35257,"48.4172,-1.3878",Pylône autostable,30m,Particulier
3029543,BOUYGUES TELECOM,ALL,"UMTS 900, LTE 700, LTE 800, LTE 1800, LTE 2100, LTE 2600, 5G NR 2100",25 R  JEAN MERMOZ 92340 BOURG LA REINE,92014,"48.7872,2.3211",Immeuble,19m,"Copropriété, Syndic, SCI"
3029610,FREE MOBILE,ALL,"UMTS 900, LTE 700, LTE 1800, LTE 2600",31 RUE VANDREZANNE 75013 PARIS 13,75113,"48.8272,2.3542",Bâtiment,"31,6m",Société HLM
3029624,BOUYGUES TELECOM,ALL,"UMTS 900, LTE 700, LTE 800",LE PAS D'OPPEDETTE (LES PLANES) 04110 STE CROIX A LAUZE,04175,"43.9103,5.6106",Pylône autostable,24m,BOUYGUES
3030232,BOUYGUES TELECOM,ALL,"UMTS 900, LTE 700, LTE 800, LTE 1800, LTE 2100, LTE 2600",3 PLACE DE L'EGLISE EGLISE 69380 CHAZAY D AZERGUES,69052,"45.8764,4.7133",Monument religieux,37m,"Commune, communauté de communes"
3032948,BOUYGUES TELECOM,ALL,"UMTS 900, LTE 700, LTE 800, LTE 1800, LTE 2100, LTE 2600, 5G NR 2100",122 R NATIONALE 75013 PARIS 13,75113,"48.8297,2.3653",Immeuble,"45,8m","Copropriété, Syndic, SCI"
3033936,FREE MOBILE,ALL,5G NR 700,2715 ROUTE DE CHAMBÉRY D990 73200 GILLY SUR ISERE,73124,"45.6486,6.3311",Pylône autostable,30m,ATC FRANCE
3034068,BOUYGUES TELECOM,ALL,"UMTS 900, LTE 700, LTE 800, LTE 1800, LTE 2100, LTE 2600, 5G NR 2100",1-5 SQ EDMOND BARBANSON 92220 BAGNEUX,92007,"48.7942,2.3178",Immeuble,"30,7m",Société HLM
3038120,ORANGE,EXT,"LTE 700, LTE 800",129 RUE FRANÇOIS ARAGO (LE NOUVEAU TRAIT) 76580 LE TRAIT,76709,"49.4833,0.8008",Pylône autostable,36m,TOTEM
3038496,FREE MOBILE,ALL,"UMTS 900, LTE 700, LTE 1800, LTE 2600",ROUTE DE TUCHAN (CHEMIN DE VINGRAU) 66600 RIVESALTES,66164,"42.7825,2.8669",Pylône autostable,42m,TDF
3040158,FREE MOBILE,ALL,"LTE 2100, 5G NR 3500",BD DES EUROPEENS / D37 (LE COPIN) 44470 CARQUEFOU,44026,"47.2872,-1.5072",Pylône autostable,36m,FREE-MOBILE
3047313,BOUYGUES TELECOM,ALL,"LTE 800, LTE 1800, LTE 2100, LTE 2600, 5G NR 2100",INTERSECTION D73 AVEC CHEMIN D?EN BOUHIL (BEDIAOU) 31370 SAJAS,31520,"43.3714,1.0417",Pylône tubulaire,25m,SFR
3048049,BOUYGUES TELECOM,ALL,"LTE 700, LTE 800, LTE 1800, LTE 2100, LTE 2600, 5G NR 2100",RUE DU CANAL D'ALSACE PROCHE D52 68490 HOMBOURG,68144,"47.7594,7.5189",Pylône autostable,30m,ATC FRANCE
3049340,BOUYGUES TELECOM,ALL,"UMTS 900, LTE 700, LTE 800, LTE 1800, LTE 2100, LTE 2600, 5G NR 2100",9 R DE LA HOUE 21800 QUETIGNY,21515,"47.3089,5.1053",Pylône autostable,18m,CELLNEX
3049999,BOUYGUES TELECOM,ALL,"UMTS 900, LTE 700, LTE 800",CHEMIN RURAL PROCHE DEPARTEMENTALE 213 (LES VIGNES) 89130 DRACY,89147,"47.7589,3.2592",Pylône autostable,"30,3m",CELLNEX
3057166,FREE MOBILE,ALL,5G NR 3500,94 AVENUE VICTOR HUGO 94100 ST MAUR DES FOSSES,94068,"48.8031,2.4892",Immeuble,24m,"Copropriété, Syndic, SCI"
3060315,SRR,ALL,"GSM 900, UMTS 900, UMTS 2100, LTE 700, LTE 800, LTE 1800, LTE 2100, LTE 2600, 5G NR 3500",184 CHEMIN DES ARGONAUTES 97411 ST PAUL,97415,"-21.0939,55.2428",Pylône autostable,21m,Société Réunionnaise de Radiotéléphonie
3070486,BOUYGUES TELECOM,ALL,5G NR 3500,SILO (LA MONTE A BOUCHA) 86130 JAUNAY MARIGNY,86115,"46.6847,0.3603",Pylône autostable,36m,BOUYGUES
3070981,SFR,ALL,"UMTS 900, LTE 700, LTE 800",CHEMIN DES VIGNES (LA CRAS) 38122 CHALON,38066,"45.4508,4.9439",Pylône autostable,"24,2m",ORANGE
3073170,SFR,ALL,"LTE 700, LTE 800, LTE 1800, LTE 2100, LTE 2600, 5G NR 2100",ROUTE DU PUY MARY D680 (LA MONTAGNOUNE) 15140 SALERS,15219,"45.1436,2.5056",Pylône autostable,36m,ON TOWER FRANCE
3074508,ORANGE,ALL,"LTE 700, LTE 800",RD 7 (LES GROIES TORD) 79260 LA CRECHE,79048,"46.3842,-0.3164",Pylône autostable,36m,ATC FRANCE
3098154,SFR,ALL,"GSM 900, UMTS 900, LTE 700, LTE 800, LTE 1800, LTE 2100, LTE 2600, 5G NR 3500",RTE DE NOTRE DAME DU MAI STATION TDF DE TOULON - CAP SICIE (NOTRE-DAME DE LA GARDE) 83140 SIX FOURS LES PLAGES,83129,"43.0531,5.8456",Bâtiment,14m,TDF
3100619,ORANGE,SUP,LTE 800,ROUTE DE SOUESMES - D29 (LA CHAUX) 18330 NANCAY,18159,"47.3556,2.195",Château d'eau - réservoir,39m,"Commune, communauté de communes"
3105125,FREE MOBILE,ALL,5G NR 3500,RUE DU CIMETIÈRE CHEMIN RURAL N°12 (LE VERGER) 21270 VIELVERGE,21680,"47.2658,5.4564",Pylône autostable,36m,TOTEM
3108995,FREE MOBILE,ALL,"UMTS 900, LTE 700, LTE 1800, LTE 2600",113-115-117 COURS GAMBETTA 69003 LYON 03,69383,"45.7508,4.8572",Immeuble,"39,7m",Société HLM
3110949,ORANGE,AJO,"GSM 900, UMTS 900, LTE 700, LTE 800, LTE 1800, LTE 2100, LTE 2600, 5G NR 3500",CHE VERT (ROCQUEMAY) 59390 SAILLY LEZ LANNOY,59522,"50.6394,3.2433",Pylône autostable,"36,4m",ATC FRANCE
